C:\Users\user\Desktop\simulator-windows-64\sample\IMG\center_2020_10_30_18_34_39_318.jpg, C:\Users\user\Desktop\simulator-windows-64\sample\IMG\left_2020_10_30_18_34_39_318.jpg, C:\Users\user\Desktop\simulator-windows-64\sample\IMG\right_2020_10_30_18_34_39_318.jpg, 0, 0, 0, 1.775267
C:\Users\user\Desktop\simulator-windows-64\sample\IMG\center_2020_10_30_18_34_39_556.jpg, C:\Users\user\Desktop\simulator-windows-64\sample\IMG\left_2020_10_30_18_34_39_556.jpg, C:\Users\user\Desktop\simulator-windows-64\sample\IMG\right_2020_10_30_18_34_39_556.jpg, 0, 0, 0, 1.732821
C:\Users\user\Desktop\simulator-windows-64\sample\IMG\center_2020_10_30_18_34_39_659.jpg, C:\Users\user\Desktop\simulator-windows-64\sample\IMG\left_2020_10_30_18_34_39_659.jpg, C:\Users\user\Desktop\simulator-windows-64\sample\IMG\right_2020_10_30_18_34_39_659.jpg, 0, 0, 0, 1.715435
C:\Users\user\Desktop\simulator-windows-64\sample\IMG\center_2020_10_30_18_34_39_767.jpg, C:\Users\user\Desktop\simulator-windows-64\sample\IMG\left_2020_10_30_18_34_39_767.jpg, C:\Users\user\Desktop\simulator-windows-64\sample\IMG\right_2020_10_30_18_34_39_767.jpg, 0, 0, 0, 1.694802
C:\Users\user\Desktop\simulator-windows-64\sample\IMG\center_2020_10_30_18_34_39_873.jpg, C:\Users\user\Desktop\simulator-windows-64\sample\IMG\left_2020_10_30_18_34_39_873.jpg, C:\Users\user\Desktop\simulator-windows-64\sample\IMG\right_2020_10_30_18_34_39_873.jpg, 0, 0, 0, 1.677798
C:\Users\user\Desktop\simulator-windows-64\sample\IMG\center_2020_10_30_18_34_40_005.jpg, C:\Users\user\Desktop\simulator-windows-64\sample\IMG\left_2020_10_30_18_34_40_005.jpg, C:\Users\user\Desktop\simulator-windows-64\sample\IMG\right_2020_10_30_18_34_40_005.jpg, 0, 0, 0, 1.654278
C:\Users\user\Desktop\simulator-windows-64\sample\IMG\center_2020_10_30_18_34_40_123.jpg, C:\Users\user\Desktop\simulator-windows-64\sample\IMG\left_2020_10_30_18_34_40_123.jpg, C:\Users\user\Desktop\simulator-windows-64\sample\IMG\right_2020_10_30_18_34_40_123.jpg, 0, 0, 0, 1.63438
C:\Users\user\Desktop\simulator-windows-64\sample\IMG\center_2020_10_30_18_34_40_262.jpg, C:\Users\user\Desktop\simulator-windows-64\sample\IMG\left_2020_10_30_18_34_40_262.jpg, C:\Users\user\Desktop\simulator-windows-64\sample\IMG\right_2020_10_30_18_34_40_262.jpg, 0, 0.3311157, 0, 1.903382
C:\Users\user\Desktop\simulator-windows-64\sample\IMG\center_2020_10_30_18_34_40_370.jpg, C:\Users\user\Desktop\simulator-windows-64\sample\IMG\left_2020_10_30_18_34_40_370.jpg, C:\Users\user\Desktop\simulator-windows-64\sample\IMG\right_2020_10_30_18_34_40_370.jpg, 0, 0.7382985, 0, 2.993567
C:\Users\user\Desktop\simulator-windows-64\sample\IMG\center_2020_10_30_18_34_40_506.jpg, C:\Users\user\Desktop\simulator-windows-64\sample\IMG\left_2020_10_30_18_34_40_506.jpg, C:\Users\user\Desktop\simulator-windows-64\sample\IMG\right_2020_10_30_18_34_40_506.jpg, -0.4105326, 1, 0, 4.595066
C:\Users\user\Desktop\simulator-windows-64\sample\IMG\center_2020_10_30_18_34_40_628.jpg, C:\Users\user\Desktop\simulator-windows-64\sample\IMG\left_2020_10_30_18_34_40_628.jpg, C:\Users\user\Desktop\simulator-windows-64\sample\IMG\right_2020_10_30_18_34_40_628.jpg, -0.04791269, 1, 0, 5.976548
C:\Users\user\Desktop\simulator-windows-64\sample\IMG\center_2020_10_30_18_34_40_773.jpg, C:\Users\user\Desktop\simulator-windows-64\sample\IMG\left_2020_10_30_18_34_40_773.jpg, C:\Users\user\Desktop\simulator-windows-64\sample\IMG\right_2020_10_30_18_34_40_773.jpg, 0, 1, 0, 7.577995
C:\Users\user\Desktop\simulator-windows-64\sample\IMG\center_2020_10_30_18_34_40_932.jpg, C:\Users\user\Desktop\simulator-windows-64\sample\IMG\left_2020_10_30_18_34_40_932.jpg, C:\Users\user\Desktop\simulator-windows-64\sample\IMG\right_2020_10_30_18_34_40_932.jpg, 0, 1, 0, 9.382316
C:\Users\user\Desktop\simulator-windows-64\sample\IMG\center_2020_10_30_18_34_41_038.jpg, C:\Users\user\Desktop\simulator-windows-64\sample\IMG\left_2020_10_30_18_34_41_038.jpg, C:\Users\user\Desktop\simulator-windows-64\sample\IMG\right_2020_10_30_18_34_41_038.jpg, 0, 1, 0, 10.49573
C:\Users\user\Desktop\simulator-windows-64\sample\IMG\center_2020_10_30_18_34_41_138.jpg, C:\Users\user\Desktop\simulator-windows-64\sample\IMG\left_2020_10_30_18_34_41_138.jpg, C:\Users\user\Desktop\simulator-windows-64\sample\IMG\right_2020_10_30_18_34_41_138.jpg, 0, 1, 0, 11.69657
C:\Users\user\Desktop\simulator-windows-64\sample\IMG\center_2020_10_30_18_34_41_271.jpg, C:\Users\user\Desktop\simulator-windows-64\sample\IMG\left_2020_10_30_18_34_41_271.jpg, C:\Users\user\Desktop\simulator-windows-64\sample\IMG\right_2020_10_30_18_34_41_271.jpg, 0, 1, 0, 13.14832
C:\Users\user\Desktop\simulator-windows-64\sample\IMG\center_2020_10_30_18_34_41_412.jpg, C:\Users\user\Desktop\simulator-windows-64\sample\IMG\left_2020_10_30_18_34_41_412.jpg, C:\Users\user\Desktop\simulator-windows-64\sample\IMG\right_2020_10_30_18_34_41_412.jpg, 0, 1, 0, 14.65921
C:\Users\user\Desktop\simulator-windows-64\sample\IMG\center_2020_10_30_18_34_41_519.jpg, C:\Users\user\Desktop\simulator-windows-64\sample\IMG\left_2020_10_30_18_34_41_519.jpg, C:\Users\user\Desktop\simulator-windows-64\sample\IMG\right_2020_10_30_18_34_41_519.jpg, -0.3273861, 1, 0, 15.59613
C:\Users\user\Desktop\simulator-windows-64\sample\IMG\center_2020_10_30_18_34_41_645.jpg, C:\Users\user\Desktop\simulator-windows-64\sample\IMG\left_2020_10_30_18_34_41_645.jpg, C:\Users\user\Desktop\simulator-windows-64\sample\IMG\right_2020_10_30_18_34_41_645.jpg, -0.4331565, 1, 0, 16.97809
C:\Users\user\Desktop\simulator-windows-64\sample\IMG\center_2020_10_30_18_34_41_757.jpg, C:\Users\user\Desktop\simulator-windows-64\sample\IMG\left_2020_10_30_18_34_41_757.jpg, C:\Users\user\Desktop\simulator-windows-64\sample\IMG\right_2020_10_30_18_34_41_757.jpg, -0.09087035, 1, 0, 17.97306
C:\Users\user\Desktop\simulator-windows-64\sample\IMG\center_2020_10_30_18_34_41_875.jpg, C:\Users\user\Desktop\simulator-windows-64\sample\IMG\left_2020_10_30_18_34_41_875.jpg, C:\Users\user\Desktop\simulator-windows-64\sample\IMG\right_2020_10_30_18_34_41_875.jpg, 0, 1, 0, 19.18773
C:\Users\user\Desktop\simulator-windows-64\sample\IMG\center_2020_10_30_18_34_42_000.jpg, C:\Users\user\Desktop\simulator-windows-64\sample\IMG\left_2020_10_30_18_34_42_000.jpg, C:\Users\user\Desktop\simulator-windows-64\sample\IMG\right_2020_10_30_18_34_42_000.jpg, 0, 1, 0, 20.41653
C:\Users\user\Desktop\simulator-windows-64\sample\IMG\center_2020_10_30_18_34_42_151.jpg, C:\Users\user\Desktop\simulator-windows-64\sample\IMG\left_2020_10_30_18_34_42_151.jpg, C:\Users\user\Desktop\simulator-windows-64\sample\IMG\right_2020_10_30_18_34_42_151.jpg, 0, 1, 0, 22.02375
C:\Users\user\Desktop\simulator-windows-64\sample\IMG\center_2020_10_30_18_34_42_295.jpg, C:\Users\user\Desktop\simulator-windows-64\sample\IMG\left_2020_10_30_18_34_42_295.jpg, C:\Users\user\Desktop\simulator-windows-64\sample\IMG\right_2020_10_30_18_34_42_295.jpg, 0, 1, 0, 23.40791
C:\Users\user\Desktop\simulator-windows-64\sample\IMG\center_2020_10_30_18_34_42_413.jpg, C:\Users\user\Desktop\simulator-windows-64\sample\IMG\left_2020_10_30_18_34_42_413.jpg, C:\Users\user\Desktop\simulator-windows-64\sample\IMG\right_2020_10_30_18_34_42_413.jpg, 0, 1, 0, 24.57326
C:\Users\user\Desktop\simulator-windows-64\sample\IMG\center_2020_10_30_18_34_42_545.jpg, C:\Users\user\Desktop\simulator-windows-64\sample\IMG\left_2020_10_30_18_34_42_545.jpg, C:\Users\user\Desktop\simulator-windows-64\sample\IMG\right_2020_10_30_18_34_42_545.jpg, 0, 1, 0, 25.91601
C:\Users\user\Desktop\simulator-windows-64\sample\IMG\center_2020_10_30_18_34_42_662.jpg, C:\Users\user\Desktop\simulator-windows-64\sample\IMG\left_2020_10_30_18_34_42_662.jpg, C:\Users\user\Desktop\simulator-windows-64\sample\IMG\right_2020_10_30_18_34_42_662.jpg, 0, 1, 0, 27.05206
C:\Users\user\Desktop\simulator-windows-64\sample\IMG\center_2020_10_30_18_34_42_804.jpg, C:\Users\user\Desktop\simulator-windows-64\sample\IMG\left_2020_10_30_18_34_42_804.jpg, C:\Users\user\Desktop\simulator-windows-64\sample\IMG\right_2020_10_30_18_34_42_804.jpg, -0.4211106, 1, 0, 28.18335
C:\Users\user\Desktop\simulator-windows-64\sample\IMG\center_2020_10_30_18_34_42_918.jpg, C:\Users\user\Desktop\simulator-windows-64\sample\IMG\left_2020_10_30_18_34_42_918.jpg, C:\Users\user\Desktop\simulator-windows-64\sample\IMG\right_2020_10_30_18_34_42_918.jpg, -0.5238807, 1, 0, 28.87051
C:\Users\user\Desktop\simulator-windows-64\sample\IMG\center_2020_10_30_18_34_43_067.jpg, C:\Users\user\Desktop\simulator-windows-64\sample\IMG\left_2020_10_30_18_34_43_067.jpg, C:\Users\user\Desktop\simulator-windows-64\sample\IMG\right_2020_10_30_18_34_43_067.jpg, -0.07669142, 1, 0, 30.19274
C:\Users\user\Desktop\simulator-windows-64\sample\IMG\center_2020_10_30_18_34_43_184.jpg, C:\Users\user\Desktop\simulator-windows-64\sample\IMG\left_2020_10_30_18_34_43_184.jpg, C:\Users\user\Desktop\simulator-windows-64\sample\IMG\right_2020_10_30_18_34_43_184.jpg, 0, 1, 0, 30.18966
C:\Users\user\Desktop\simulator-windows-64\sample\IMG\center_2020_10_30_18_34_43_311.jpg, C:\Users\user\Desktop\simulator-windows-64\sample\IMG\left_2020_10_30_18_34_43_311.jpg, C:\Users\user\Desktop\simulator-windows-64\sample\IMG\right_2020_10_30_18_34_43_311.jpg, 0, 1, 0, 30.19063
C:\Users\user\Desktop\simulator-windows-64\sample\IMG\center_2020_10_30_18_34_43_429.jpg, C:\Users\user\Desktop\simulator-windows-64\sample\IMG\left_2020_10_30_18_34_43_429.jpg, C:\Users\user\Desktop\simulator-windows-64\sample\IMG\right_2020_10_30_18_34_43_429.jpg, 0, 1, 0, 30.19034
C:\Users\user\Desktop\simulator-windows-64\sample\IMG\center_2020_10_30_18_34_43_576.jpg, C:\Users\user\Desktop\simulator-windows-64\sample\IMG\left_2020_10_30_18_34_43_576.jpg, C:\Users\user\Desktop\simulator-windows-64\sample\IMG\right_2020_10_30_18_34_43_576.jpg, 0, 1, 0, 30.19043
C:\Users\user\Desktop\simulator-windows-64\sample\IMG\center_2020_10_30_18_34_43_677.jpg, C:\Users\user\Desktop\simulator-windows-64\sample\IMG\left_2020_10_30_18_34_43_677.jpg, C:\Users\user\Desktop\simulator-windows-64\sample\IMG\right_2020_10_30_18_34_43_677.jpg, 0, 1, 0, 30.19029
C:\Users\user\Desktop\simulator-windows-64\sample\IMG\center_2020_10_30_18_34_43_779.jpg, C:\Users\user\Desktop\simulator-windows-64\sample\IMG\left_2020_10_30_18_34_43_779.jpg, C:\Users\user\Desktop\simulator-windows-64\sample\IMG\right_2020_10_30_18_34_43_779.jpg, 0.3058473, 1, 0, 30.17113
C:\Users\user\Desktop\simulator-windows-64\sample\IMG\center_2020_10_30_18_34_43_920.jpg, C:\Users\user\Desktop\simulator-windows-64\sample\IMG\left_2020_10_30_18_34_43_920.jpg, C:\Users\user\Desktop\simulator-windows-64\sample\IMG\right_2020_10_30_18_34_43_920.jpg, 0, 1, 0, 30.18985
C:\Users\user\Desktop\simulator-windows-64\sample\IMG\center_2020_10_30_18_34_44_076.jpg, C:\Users\user\Desktop\simulator-windows-64\sample\IMG\left_2020_10_30_18_34_44_076.jpg, C:\Users\user\Desktop\simulator-windows-64\sample\IMG\right_2020_10_30_18_34_44_076.jpg, 0, 1, 0, 30.19028
C:\Users\user\Desktop\simulator-windows-64\sample\IMG\center_2020_10_30_18_34_44_196.jpg, C:\Users\user\Desktop\simulator-windows-64\sample\IMG\left_2020_10_30_18_34_44_196.jpg, C:\Users\user\Desktop\simulator-windows-64\sample\IMG\right_2020_10_30_18_34_44_196.jpg, 0, 1, 0, 30.19033
C:\Users\user\Desktop\simulator-windows-64\sample\IMG\center_2020_10_30_18_34_44_348.jpg, C:\Users\user\Desktop\simulator-windows-64\sample\IMG\left_2020_10_30_18_34_44_348.jpg, C:\Users\user\Desktop\simulator-windows-64\sample\IMG\right_2020_10_30_18_34_44_348.jpg, 0, 1, 0, 30.19036
C:\Users\user\Desktop\simulator-windows-64\sample\IMG\center_2020_10_30_18_34_44_484.jpg, C:\Users\user\Desktop\simulator-windows-64\sample\IMG\left_2020_10_30_18_34_44_484.jpg, C:\Users\user\Desktop\simulator-windows-64\sample\IMG\right_2020_10_30_18_34_44_484.jpg, -0.1447572, 1, 0, 30.18539
C:\Users\user\Desktop\simulator-windows-64\sample\IMG\center_2020_10_30_18_34_44_613.jpg, C:\Users\user\Desktop\simulator-windows-64\sample\IMG\left_2020_10_30_18_34_44_613.jpg, C:\Users\user\Desktop\simulator-windows-64\sample\IMG\right_2020_10_30_18_34_44_613.jpg, -0.532329, 1, 0, 30.13681
C:\Users\user\Desktop\simulator-windows-64\sample\IMG\center_2020_10_30_18_34_44_743.jpg, C:\Users\user\Desktop\simulator-windows-64\sample\IMG\left_2020_10_30_18_34_44_743.jpg, C:\Users\user\Desktop\simulator-windows-64\sample\IMG\right_2020_10_30_18_34_44_743.jpg, -0.1457187, 1, 0, 30.19242
C:\Users\user\Desktop\simulator-windows-64\sample\IMG\center_2020_10_30_18_34_44_873.jpg, C:\Users\user\Desktop\simulator-windows-64\sample\IMG\left_2020_10_30_18_34_44_873.jpg, C:\Users\user\Desktop\simulator-windows-64\sample\IMG\right_2020_10_30_18_34_44_873.jpg, 0, 1, 0, 30.18948
C:\Users\user\Desktop\simulator-windows-64\sample\IMG\center_2020_10_30_18_34_45_000.jpg, C:\Users\user\Desktop\simulator-windows-64\sample\IMG\left_2020_10_30_18_34_45_000.jpg, C:\Users\user\Desktop\simulator-windows-64\sample\IMG\right_2020_10_30_18_34_45_000.jpg, 0, 1, 0, 30.19029
C:\Users\user\Desktop\simulator-windows-64\sample\IMG\center_2020_10_30_18_34_45_109.jpg, C:\Users\user\Desktop\simulator-windows-64\sample\IMG\left_2020_10_30_18_34_45_109.jpg, C:\Users\user\Desktop\simulator-windows-64\sample\IMG\right_2020_10_30_18_34_45_109.jpg, 0, 1, 0, 30.19029
C:\Users\user\Desktop\simulator-windows-64\sample\IMG\center_2020_10_30_18_34_45_228.jpg, C:\Users\user\Desktop\simulator-windows-64\sample\IMG\left_2020_10_30_18_34_45_228.jpg, C:\Users\user\Desktop\simulator-windows-64\sample\IMG\right_2020_10_30_18_34_45_228.jpg, 0, 1, 0, 30.19031
C:\Users\user\Desktop\simulator-windows-64\sample\IMG\center_2020_10_30_18_34_45_337.jpg, C:\Users\user\Desktop\simulator-windows-64\sample\IMG\left_2020_10_30_18_34_45_337.jpg, C:\Users\user\Desktop\simulator-windows-64\sample\IMG\right_2020_10_30_18_34_45_337.jpg, 0, 1, 0, 30.19006
C:\Users\user\Desktop\simulator-windows-64\sample\IMG\center_2020_10_30_18_34_45_447.jpg, C:\Users\user\Desktop\simulator-windows-64\sample\IMG\left_2020_10_30_18_34_45_447.jpg, C:\Users\user\Desktop\simulator-windows-64\sample\IMG\right_2020_10_30_18_34_45_447.jpg, 0, 1, 0, 30.19032
C:\Users\user\Desktop\simulator-windows-64\sample\IMG\center_2020_10_30_18_34_45_553.jpg, C:\Users\user\Desktop\simulator-windows-64\sample\IMG\left_2020_10_30_18_34_45_553.jpg, C:\Users\user\Desktop\simulator-windows-64\sample\IMG\right_2020_10_30_18_34_45_553.jpg, 0, 1, 0, 30.1897
C:\Users\user\Desktop\simulator-windows-64\sample\IMG\center_2020_10_30_18_34_45_669.jpg, C:\Users\user\Desktop\simulator-windows-64\sample\IMG\left_2020_10_30_18_34_45_669.jpg, C:\Users\user\Desktop\simulator-windows-64\sample\IMG\right_2020_10_30_18_34_45_669.jpg, 0, 1, 0, 30.19029
C:\Users\user\Desktop\simulator-windows-64\sample\IMG\center_2020_10_30_18_34_45_781.jpg, C:\Users\user\Desktop\simulator-windows-64\sample\IMG\left_2020_10_30_18_34_45_781.jpg, C:\Users\user\Desktop\simulator-windows-64\sample\IMG\right_2020_10_30_18_34_45_781.jpg, -0.3382761, 1, 0, 30.16479
C:\Users\user\Desktop\simulator-windows-64\sample\IMG\center_2020_10_30_18_34_45_933.jpg, C:\Users\user\Desktop\simulator-windows-64\sample\IMG\left_2020_10_30_18_34_45_933.jpg, C:\Users\user\Desktop\simulator-windows-64\sample\IMG\right_2020_10_30_18_34_45_933.jpg, 0, 1, 0, 30.18991
C:\Users\user\Desktop\simulator-windows-64\sample\IMG\center_2020_10_30_18_34_46_052.jpg, C:\Users\user\Desktop\simulator-windows-64\sample\IMG\left_2020_10_30_18_34_46_052.jpg, C:\Users\user\Desktop\simulator-windows-64\sample\IMG\right_2020_10_30_18_34_46_052.jpg, 0.1113726, 1, 0, 30.18446
C:\Users\user\Desktop\simulator-windows-64\sample\IMG\center_2020_10_30_18_34_46_167.jpg, C:\Users\user\Desktop\simulator-windows-64\sample\IMG\left_2020_10_30_18_34_46_167.jpg, C:\Users\user\Desktop\simulator-windows-64\sample\IMG\right_2020_10_30_18_34_46_167.jpg, 0.4565517, 1, 0, 30.1484
C:\Users\user\Desktop\simulator-windows-64\sample\IMG\center_2020_10_30_18_34_46_281.jpg, C:\Users\user\Desktop\simulator-windows-64\sample\IMG\left_2020_10_30_18_34_46_281.jpg, C:\Users\user\Desktop\simulator-windows-64\sample\IMG\right_2020_10_30_18_34_46_281.jpg, 0.1151442, 1, 0, 30.19119
C:\Users\user\Desktop\simulator-windows-64\sample\IMG\center_2020_10_30_18_34_46_418.jpg, C:\Users\user\Desktop\simulator-windows-64\sample\IMG\left_2020_10_30_18_34_46_418.jpg, C:\Users\user\Desktop\simulator-windows-64\sample\IMG\right_2020_10_30_18_34_46_418.jpg, 0, 1, 0, 30.18944
C:\Users\user\Desktop\simulator-windows-64\sample\IMG\center_2020_10_30_18_34_46_537.jpg, C:\Users\user\Desktop\simulator-windows-64\sample\IMG\left_2020_10_30_18_34_46_537.jpg, C:\Users\user\Desktop\simulator-windows-64\sample\IMG\right_2020_10_30_18_34_46_537.jpg, 0, 1, 0, 30.19024
C:\Users\user\Desktop\simulator-windows-64\sample\IMG\center_2020_10_30_18_34_46_651.jpg, C:\Users\user\Desktop\simulator-windows-64\sample\IMG\left_2020_10_30_18_34_46_651.jpg, C:\Users\user\Desktop\simulator-windows-64\sample\IMG\right_2020_10_30_18_34_46_651.jpg, -0.3442437, 1, 0, 30.16219
C:\Users\user\Desktop\simulator-windows-64\sample\IMG\center_2020_10_30_18_34_46_763.jpg, C:\Users\user\Desktop\simulator-windows-64\sample\IMG\left_2020_10_30_18_34_46_763.jpg, C:\Users\user\Desktop\simulator-windows-64\sample\IMG\right_2020_10_30_18_34_46_763.jpg, -0.0157575, 1, 0, 30.1909
C:\Users\user\Desktop\simulator-windows-64\sample\IMG\center_2020_10_30_18_34_46_899.jpg, C:\Users\user\Desktop\simulator-windows-64\sample\IMG\left_2020_10_30_18_34_46_899.jpg, C:\Users\user\Desktop\simulator-windows-64\sample\IMG\right_2020_10_30_18_34_46_899.jpg, 0, 1, 0, 30.18965
C:\Users\user\Desktop\simulator-windows-64\sample\IMG\center_2020_10_30_18_34_47_014.jpg, C:\Users\user\Desktop\simulator-windows-64\sample\IMG\left_2020_10_30_18_34_47_014.jpg, C:\Users\user\Desktop\simulator-windows-64\sample\IMG\right_2020_10_30_18_34_47_014.jpg, 0, 1, 0, 30.18851
C:\Users\user\Desktop\simulator-windows-64\sample\IMG\center_2020_10_30_18_34_47_163.jpg, C:\Users\user\Desktop\simulator-windows-64\sample\IMG\left_2020_10_30_18_34_47_163.jpg, C:\Users\user\Desktop\simulator-windows-64\sample\IMG\right_2020_10_30_18_34_47_163.jpg, -0.1888428, 1, 0, 30.18238
C:\Users\user\Desktop\simulator-windows-64\sample\IMG\center_2020_10_30_18_34_47_306.jpg, C:\Users\user\Desktop\simulator-windows-64\sample\IMG\left_2020_10_30_18_34_47_306.jpg, C:\Users\user\Desktop\simulator-windows-64\sample\IMG\right_2020_10_30_18_34_47_306.jpg, -0.6213282, 1, 0, 30.13066
C:\Users\user\Desktop\simulator-windows-64\sample\IMG\center_2020_10_30_18_34_47_451.jpg, C:\Users\user\Desktop\simulator-windows-64\sample\IMG\left_2020_10_30_18_34_47_451.jpg, C:\Users\user\Desktop\simulator-windows-64\sample\IMG\right_2020_10_30_18_34_47_451.jpg, -0.1880983, 1, 0, 30.19413
C:\Users\user\Desktop\simulator-windows-64\sample\IMG\center_2020_10_30_18_34_47_605.jpg, C:\Users\user\Desktop\simulator-windows-64\sample\IMG\left_2020_10_30_18_34_47_605.jpg, C:\Users\user\Desktop\simulator-windows-64\sample\IMG\right_2020_10_30_18_34_47_605.jpg, 0, 1, 0, 30.18975
C:\Users\user\Desktop\simulator-windows-64\sample\IMG\center_2020_10_30_18_34_47_749.jpg, C:\Users\user\Desktop\simulator-windows-64\sample\IMG\left_2020_10_30_18_34_47_749.jpg, C:\Users\user\Desktop\simulator-windows-64\sample\IMG\right_2020_10_30_18_34_47_749.jpg, -0.4347804, 1, 0, 30.16018
C:\Users\user\Desktop\simulator-windows-64\sample\IMG\center_2020_10_30_18_34_47_873.jpg, C:\Users\user\Desktop\simulator-windows-64\sample\IMG\left_2020_10_30_18_34_47_873.jpg, C:\Users\user\Desktop\simulator-windows-64\sample\IMG\right_2020_10_30_18_34_47_873.jpg, -0.06478921, 1, 0, 30.19146
C:\Users\user\Desktop\simulator-windows-64\sample\IMG\center_2020_10_30_18_34_47_980.jpg, C:\Users\user\Desktop\simulator-windows-64\sample\IMG\left_2020_10_30_18_34_47_980.jpg, C:\Users\user\Desktop\simulator-windows-64\sample\IMG\right_2020_10_30_18_34_47_980.jpg, 0, 1, 0, 30.19046
C:\Users\user\Desktop\simulator-windows-64\sample\IMG\center_2020_10_30_18_34_48_083.jpg, C:\Users\user\Desktop\simulator-windows-64\sample\IMG\left_2020_10_30_18_34_48_083.jpg, C:\Users\user\Desktop\simulator-windows-64\sample\IMG\right_2020_10_30_18_34_48_083.jpg, 0, 1, 0, 30.19073
C:\Users\user\Desktop\simulator-windows-64\sample\IMG\center_2020_10_30_18_34_48_208.jpg, C:\Users\user\Desktop\simulator-windows-64\sample\IMG\left_2020_10_30_18_34_48_208.jpg, C:\Users\user\Desktop\simulator-windows-64\sample\IMG\right_2020_10_30_18_34_48_208.jpg, 0.3745779, 1, 0, 30.15621
C:\Users\user\Desktop\simulator-windows-64\sample\IMG\center_2020_10_30_18_34_48_326.jpg, C:\Users\user\Desktop\simulator-windows-64\sample\IMG\left_2020_10_30_18_34_48_326.jpg, C:\Users\user\Desktop\simulator-windows-64\sample\IMG\right_2020_10_30_18_34_48_326.jpg, 0.4576253, 1, 0, 30.17612
C:\Users\user\Desktop\simulator-windows-64\sample\IMG\center_2020_10_30_18_34_48_459.jpg, C:\Users\user\Desktop\simulator-windows-64\sample\IMG\left_2020_10_30_18_34_48_459.jpg, C:\Users\user\Desktop\simulator-windows-64\sample\IMG\right_2020_10_30_18_34_48_459.jpg, 0.05966993, 1, 0, 30.18647
C:\Users\user\Desktop\simulator-windows-64\sample\IMG\center_2020_10_30_18_34_48_574.jpg, C:\Users\user\Desktop\simulator-windows-64\sample\IMG\left_2020_10_30_18_34_48_574.jpg, C:\Users\user\Desktop\simulator-windows-64\sample\IMG\right_2020_10_30_18_34_48_574.jpg, 0, 1, 0, 30.18915
C:\Users\user\Desktop\simulator-windows-64\sample\IMG\center_2020_10_30_18_34_48_681.jpg, C:\Users\user\Desktop\simulator-windows-64\sample\IMG\left_2020_10_30_18_34_48_681.jpg, C:\Users\user\Desktop\simulator-windows-64\sample\IMG\right_2020_10_30_18_34_48_681.jpg, -0.114633, 1, 0, 30.18383
C:\Users\user\Desktop\simulator-windows-64\sample\IMG\center_2020_10_30_18_34_48_792.jpg, C:\Users\user\Desktop\simulator-windows-64\sample\IMG\left_2020_10_30_18_34_48_792.jpg, C:\Users\user\Desktop\simulator-windows-64\sample\IMG\right_2020_10_30_18_34_48_792.jpg, -0.4489482, 1, 0, 30.14353
C:\Users\user\Desktop\simulator-windows-64\sample\IMG\center_2020_10_30_18_34_48_898.jpg, C:\Users\user\Desktop\simulator-windows-64\sample\IMG\left_2020_10_30_18_34_48_898.jpg, C:\Users\user\Desktop\simulator-windows-64\sample\IMG\right_2020_10_30_18_34_48_898.jpg, -0.1299234, 1, 0, 30.19102
C:\Users\user\Desktop\simulator-windows-64\sample\IMG\center_2020_10_30_18_34_49_012.jpg, C:\Users\user\Desktop\simulator-windows-64\sample\IMG\left_2020_10_30_18_34_49_012.jpg, C:\Users\user\Desktop\simulator-windows-64\sample\IMG\right_2020_10_30_18_34_49_012.jpg, 0, 1, 0, 30.1889
C:\Users\user\Desktop\simulator-windows-64\sample\IMG\center_2020_10_30_18_34_49_122.jpg, C:\Users\user\Desktop\simulator-windows-64\sample\IMG\left_2020_10_30_18_34_49_122.jpg, C:\Users\user\Desktop\simulator-windows-64\sample\IMG\right_2020_10_30_18_34_49_122.jpg, -0.3344595, 1, 0, 30.17037
C:\Users\user\Desktop\simulator-windows-64\sample\IMG\center_2020_10_30_18_34_49_228.jpg, C:\Users\user\Desktop\simulator-windows-64\sample\IMG\left_2020_10_30_18_34_49_228.jpg, C:\Users\user\Desktop\simulator-windows-64\sample\IMG\right_2020_10_30_18_34_49_228.jpg, -0.02039308, 1, 0, 30.18847
C:\Users\user\Desktop\simulator-windows-64\sample\IMG\center_2020_10_30_18_34_49_345.jpg, C:\Users\user\Desktop\simulator-windows-64\sample\IMG\left_2020_10_30_18_34_49_345.jpg, C:\Users\user\Desktop\simulator-windows-64\sample\IMG\right_2020_10_30_18_34_49_345.jpg, 0, 1, 0, 30.1901
C:\Users\user\Desktop\simulator-windows-64\sample\IMG\center_2020_10_30_18_34_49_462.jpg, C:\Users\user\Desktop\simulator-windows-64\sample\IMG\left_2020_10_30_18_34_49_462.jpg, C:\Users\user\Desktop\simulator-windows-64\sample\IMG\right_2020_10_30_18_34_49_462.jpg, 0, 1, 0, 30.1903
C:\Users\user\Desktop\simulator-windows-64\sample\IMG\center_2020_10_30_18_34_49_606.jpg, C:\Users\user\Desktop\simulator-windows-64\sample\IMG\left_2020_10_30_18_34_49_606.jpg, C:\Users\user\Desktop\simulator-windows-64\sample\IMG\right_2020_10_30_18_34_49_606.jpg, 0, 1, 0, 30.19035
C:\Users\user\Desktop\simulator-windows-64\sample\IMG\center_2020_10_30_18_34_49_740.jpg, C:\Users\user\Desktop\simulator-windows-64\sample\IMG\left_2020_10_30_18_34_49_740.jpg, C:\Users\user\Desktop\simulator-windows-64\sample\IMG\right_2020_10_30_18_34_49_740.jpg, -0.1483104, 1, 0, 30.18319
C:\Users\user\Desktop\simulator-windows-64\sample\IMG\center_2020_10_30_18_34_49_875.jpg, C:\Users\user\Desktop\simulator-windows-64\sample\IMG\left_2020_10_30_18_34_49_875.jpg, C:\Users\user\Desktop\simulator-windows-64\sample\IMG\right_2020_10_30_18_34_49_875.jpg, -0.5514561, 1, 0, 30.13554
C:\Users\user\Desktop\simulator-windows-64\sample\IMG\center_2020_10_30_18_34_50_008.jpg, C:\Users\user\Desktop\simulator-windows-64\sample\IMG\left_2020_10_30_18_34_50_008.jpg, C:\Users\user\Desktop\simulator-windows-64\sample\IMG\right_2020_10_30_18_34_50_008.jpg, -0.9547662, 1, 0, 30.09513
C:\Users\user\Desktop\simulator-windows-64\sample\IMG\center_2020_10_30_18_34_50_130.jpg, C:\Users\user\Desktop\simulator-windows-64\sample\IMG\left_2020_10_30_18_34_50_130.jpg, C:\Users\user\Desktop\simulator-windows-64\sample\IMG\right_2020_10_30_18_34_50_130.jpg, -1, 1, 0, 30.11675
C:\Users\user\Desktop\simulator-windows-64\sample\IMG\center_2020_10_30_18_34_50_247.jpg, C:\Users\user\Desktop\simulator-windows-64\sample\IMG\left_2020_10_30_18_34_50_247.jpg, C:\Users\user\Desktop\simulator-windows-64\sample\IMG\right_2020_10_30_18_34_50_247.jpg, -0.6475003, 1, 0, 30.19968
C:\Users\user\Desktop\simulator-windows-64\sample\IMG\center_2020_10_30_18_34_50_347.jpg, C:\Users\user\Desktop\simulator-windows-64\sample\IMG\left_2020_10_30_18_34_50_347.jpg, C:\Users\user\Desktop\simulator-windows-64\sample\IMG\right_2020_10_30_18_34_50_347.jpg, 0.1047921, 1, 0, 30.15962
C:\Users\user\Desktop\simulator-windows-64\sample\IMG\center_2020_10_30_18_34_50_473.jpg, C:\Users\user\Desktop\simulator-windows-64\sample\IMG\left_2020_10_30_18_34_50_473.jpg, C:\Users\user\Desktop\simulator-windows-64\sample\IMG\right_2020_10_30_18_34_50_473.jpg, 0.4820946, 1, 0, 30.11831
C:\Users\user\Desktop\simulator-windows-64\sample\IMG\center_2020_10_30_18_34_50_618.jpg, C:\Users\user\Desktop\simulator-windows-64\sample\IMG\left_2020_10_30_18_34_50_618.jpg, C:\Users\user\Desktop\simulator-windows-64\sample\IMG\right_2020_10_30_18_34_50_618.jpg, 0.9187653, 1, 0, 30.0403
C:\Users\user\Desktop\simulator-windows-64\sample\IMG\center_2020_10_30_18_34_50_764.jpg, C:\Users\user\Desktop\simulator-windows-64\sample\IMG\left_2020_10_30_18_34_50_764.jpg, C:\Users\user\Desktop\simulator-windows-64\sample\IMG\right_2020_10_30_18_34_50_764.jpg, 1, 1, 0, 30.0173
C:\Users\user\Desktop\simulator-windows-64\sample\IMG\center_2020_10_30_18_34_50_869.jpg, C:\Users\user\Desktop\simulator-windows-64\sample\IMG\left_2020_10_30_18_34_50_869.jpg, C:\Users\user\Desktop\simulator-windows-64\sample\IMG\right_2020_10_30_18_34_50_869.jpg, 1, 1, 0, 30.01351
C:\Users\user\Desktop\simulator-windows-64\sample\IMG\center_2020_10_30_18_34_51_004.jpg, C:\Users\user\Desktop\simulator-windows-64\sample\IMG\left_2020_10_30_18_34_51_004.jpg, C:\Users\user\Desktop\simulator-windows-64\sample\IMG\right_2020_10_30_18_34_51_004.jpg, 1, 1, 0, 30.32239
C:\Users\user\Desktop\simulator-windows-64\sample\IMG\center_2020_10_30_18_34_51_152.jpg, C:\Users\user\Desktop\simulator-windows-64\sample\IMG\left_2020_10_30_18_34_51_152.jpg, C:\Users\user\Desktop\simulator-windows-64\sample\IMG\right_2020_10_30_18_34_51_152.jpg, 0.5526079, 1, 0, 30.09136
C:\Users\user\Desktop\simulator-windows-64\sample\IMG\center_2020_10_30_18_34_51_371.jpg, C:\Users\user\Desktop\simulator-windows-64\sample\IMG\left_2020_10_30_18_34_51_371.jpg, C:\Users\user\Desktop\simulator-windows-64\sample\IMG\right_2020_10_30_18_34_51_371.jpg, 0.02897859, 0.4763707, 0, 29.99869
C:\Users\user\Desktop\simulator-windows-64\sample\IMG\center_2020_10_30_18_34_51_429.jpg, C:\Users\user\Desktop\simulator-windows-64\sample\IMG\left_2020_10_30_18_34_51_429.jpg, C:\Users\user\Desktop\simulator-windows-64\sample\IMG\right_2020_10_30_18_34_51_429.jpg, 0, 0.1709407, 0, 29.87694
C:\Users\user\Desktop\simulator-windows-64\sample\IMG\center_2020_10_30_18_34_51_563.jpg, C:\Users\user\Desktop\simulator-windows-64\sample\IMG\left_2020_10_30_18_34_51_563.jpg, C:\Users\user\Desktop\simulator-windows-64\sample\IMG\right_2020_10_30_18_34_51_563.jpg, 0, 0, 0, 29.50083
C:\Users\user\Desktop\simulator-windows-64\sample\IMG\center_2020_10_30_18_34_51_667.jpg, C:\Users\user\Desktop\simulator-windows-64\sample\IMG\left_2020_10_30_18_34_51_667.jpg, C:\Users\user\Desktop\simulator-windows-64\sample\IMG\right_2020_10_30_18_34_51_667.jpg, 0, 0.3126651, 0, 29.5314
C:\Users\user\Desktop\simulator-windows-64\sample\IMG\center_2020_10_30_18_34_51_780.jpg, C:\Users\user\Desktop\simulator-windows-64\sample\IMG\left_2020_10_30_18_34_51_780.jpg, C:\Users\user\Desktop\simulator-windows-64\sample\IMG\right_2020_10_30_18_34_51_780.jpg, -0.3395847, 0.6522498, 0, 29.78772
C:\Users\user\Desktop\simulator-windows-64\sample\IMG\center_2020_10_30_18_34_51_914.jpg, C:\Users\user\Desktop\simulator-windows-64\sample\IMG\left_2020_10_30_18_34_51_914.jpg, C:\Users\user\Desktop\simulator-windows-64\sample\IMG\right_2020_10_30_18_34_51_914.jpg, -0.7412916, 1, 0, 30.11926
C:\Users\user\Desktop\simulator-windows-64\sample\IMG\center_2020_10_30_18_34_52_038.jpg, C:\Users\user\Desktop\simulator-windows-64\sample\IMG\left_2020_10_30_18_34_52_038.jpg, C:\Users\user\Desktop\simulator-windows-64\sample\IMG\right_2020_10_30_18_34_52_038.jpg, -0.3702372, 1, 0, 30.19404
C:\Users\user\Desktop\simulator-windows-64\sample\IMG\center_2020_10_30_18_34_52_149.jpg, C:\Users\user\Desktop\simulator-windows-64\sample\IMG\left_2020_10_30_18_34_52_149.jpg, C:\Users\user\Desktop\simulator-windows-64\sample\IMG\right_2020_10_30_18_34_52_149.jpg, -0.03483602, 1, 0, 30.18581
C:\Users\user\Desktop\simulator-windows-64\sample\IMG\center_2020_10_30_18_34_52_274.jpg, C:\Users\user\Desktop\simulator-windows-64\sample\IMG\left_2020_10_30_18_34_52_274.jpg, C:\Users\user\Desktop\simulator-windows-64\sample\IMG\right_2020_10_30_18_34_52_274.jpg, 0, 0.8423836, 0, 30.13838
C:\Users\user\Desktop\simulator-windows-64\sample\IMG\center_2020_10_30_18_34_52_417.jpg, C:\Users\user\Desktop\simulator-windows-64\sample\IMG\left_2020_10_30_18_34_52_417.jpg, C:\Users\user\Desktop\simulator-windows-64\sample\IMG\right_2020_10_30_18_34_52_417.jpg, 0, 0.724552, 0, 30.13443
C:\Users\user\Desktop\simulator-windows-64\sample\IMG\center_2020_10_30_18_34_52_562.jpg, C:\Users\user\Desktop\simulator-windows-64\sample\IMG\left_2020_10_30_18_34_52_562.jpg, C:\Users\user\Desktop\simulator-windows-64\sample\IMG\right_2020_10_30_18_34_52_562.jpg, 0, 1, 0, 30.19
C:\Users\user\Desktop\simulator-windows-64\sample\IMG\center_2020_10_30_18_34_52_695.jpg, C:\Users\user\Desktop\simulator-windows-64\sample\IMG\left_2020_10_30_18_34_52_695.jpg, C:\Users\user\Desktop\simulator-windows-64\sample\IMG\right_2020_10_30_18_34_52_695.jpg, 0, 1, 0, 30.18949
C:\Users\user\Desktop\simulator-windows-64\sample\IMG\center_2020_10_30_18_34_52_811.jpg, C:\Users\user\Desktop\simulator-windows-64\sample\IMG\left_2020_10_30_18_34_52_811.jpg, C:\Users\user\Desktop\simulator-windows-64\sample\IMG\right_2020_10_30_18_34_52_811.jpg, -0.3478794, 1, 0, 30.16244
C:\Users\user\Desktop\simulator-windows-64\sample\IMG\center_2020_10_30_18_34_52_958.jpg, C:\Users\user\Desktop\simulator-windows-64\sample\IMG\left_2020_10_30_18_34_52_958.jpg, C:\Users\user\Desktop\simulator-windows-64\sample\IMG\right_2020_10_30_18_34_52_958.jpg, 0, 1, 0, 30.18948
C:\Users\user\Desktop\simulator-windows-64\sample\IMG\center_2020_10_30_18_34_53_081.jpg, C:\Users\user\Desktop\simulator-windows-64\sample\IMG\left_2020_10_30_18_34_53_081.jpg, C:\Users\user\Desktop\simulator-windows-64\sample\IMG\right_2020_10_30_18_34_53_081.jpg, 0, 1, 0, 30.19003
C:\Users\user\Desktop\simulator-windows-64\sample\IMG\center_2020_10_30_18_34_53_209.jpg, C:\Users\user\Desktop\simulator-windows-64\sample\IMG\left_2020_10_30_18_34_53_209.jpg, C:\Users\user\Desktop\simulator-windows-64\sample\IMG\right_2020_10_30_18_34_53_209.jpg, 0, 1, 0, 30.19006
C:\Users\user\Desktop\simulator-windows-64\sample\IMG\center_2020_10_30_18_34_53_349.jpg, C:\Users\user\Desktop\simulator-windows-64\sample\IMG\left_2020_10_30_18_34_53_349.jpg, C:\Users\user\Desktop\simulator-windows-64\sample\IMG\right_2020_10_30_18_34_53_349.jpg, 0, 1, 0, 30.19008
C:\Users\user\Desktop\simulator-windows-64\sample\IMG\center_2020_10_30_18_34_53_505.jpg, C:\Users\user\Desktop\simulator-windows-64\sample\IMG\left_2020_10_30_18_34_53_505.jpg, C:\Users\user\Desktop\simulator-windows-64\sample\IMG\right_2020_10_30_18_34_53_505.jpg, 0, 1, 0, 30.19009
C:\Users\user\Desktop\simulator-windows-64\sample\IMG\center_2020_10_30_18_34_53_625.jpg, C:\Users\user\Desktop\simulator-windows-64\sample\IMG\left_2020_10_30_18_34_53_625.jpg, C:\Users\user\Desktop\simulator-windows-64\sample\IMG\right_2020_10_30_18_34_53_625.jpg, -0.363162, 1, 0, 30.16947
C:\Users\user\Desktop\simulator-windows-64\sample\IMG\center_2020_10_30_18_34_53_752.jpg, C:\Users\user\Desktop\simulator-windows-64\sample\IMG\left_2020_10_30_18_34_53_752.jpg, C:\Users\user\Desktop\simulator-windows-64\sample\IMG\right_2020_10_30_18_34_53_752.jpg, 0, 1, 0, 30.18692
C:\Users\user\Desktop\simulator-windows-64\sample\IMG\center_2020_10_30_18_34_53_869.jpg, C:\Users\user\Desktop\simulator-windows-64\sample\IMG\left_2020_10_30_18_34_53_869.jpg, C:\Users\user\Desktop\simulator-windows-64\sample\IMG\right_2020_10_30_18_34_53_869.jpg, 0, 1, 0, 30.19026
C:\Users\user\Desktop\simulator-windows-64\sample\IMG\center_2020_10_30_18_34_54_050.jpg, C:\Users\user\Desktop\simulator-windows-64\sample\IMG\left_2020_10_30_18_34_54_050.jpg, C:\Users\user\Desktop\simulator-windows-64\sample\IMG\right_2020_10_30_18_34_54_050.jpg, 0, 1, 0, 30.19039
C:\Users\user\Desktop\simulator-windows-64\sample\IMG\center_2020_10_30_18_34_54_166.jpg, C:\Users\user\Desktop\simulator-windows-64\sample\IMG\left_2020_10_30_18_34_54_166.jpg, C:\Users\user\Desktop\simulator-windows-64\sample\IMG\right_2020_10_30_18_34_54_166.jpg, 0, 1, 0, 30.19041
C:\Users\user\Desktop\simulator-windows-64\sample\IMG\center_2020_10_30_18_34_54_276.jpg, C:\Users\user\Desktop\simulator-windows-64\sample\IMG\left_2020_10_30_18_34_54_276.jpg, C:\Users\user\Desktop\simulator-windows-64\sample\IMG\right_2020_10_30_18_34_54_276.jpg, 0, 1, 0, 30.19015
C:\Users\user\Desktop\simulator-windows-64\sample\IMG\center_2020_10_30_18_34_54_421.jpg, C:\Users\user\Desktop\simulator-windows-64\sample\IMG\left_2020_10_30_18_34_54_421.jpg, C:\Users\user\Desktop\simulator-windows-64\sample\IMG\right_2020_10_30_18_34_54_421.jpg, 0, 1, 0, 30.19036
C:\Users\user\Desktop\simulator-windows-64\sample\IMG\center_2020_10_30_18_34_54_523.jpg, C:\Users\user\Desktop\simulator-windows-64\sample\IMG\left_2020_10_30_18_34_54_523.jpg, C:\Users\user\Desktop\simulator-windows-64\sample\IMG\right_2020_10_30_18_34_54_523.jpg, 0, 1, 0, 30.19034
C:\Users\user\Desktop\simulator-windows-64\sample\IMG\center_2020_10_30_18_34_54_660.jpg, C:\Users\user\Desktop\simulator-windows-64\sample\IMG\left_2020_10_30_18_34_54_660.jpg, C:\Users\user\Desktop\simulator-windows-64\sample\IMG\right_2020_10_30_18_34_54_660.jpg, 0, 1, 0, 30.19036
C:\Users\user\Desktop\simulator-windows-64\sample\IMG\center_2020_10_30_18_34_54_777.jpg, C:\Users\user\Desktop\simulator-windows-64\sample\IMG\left_2020_10_30_18_34_54_777.jpg, C:\Users\user\Desktop\simulator-windows-64\sample\IMG\right_2020_10_30_18_34_54_777.jpg, 0, 1, 0, 30.19034
C:\Users\user\Desktop\simulator-windows-64\sample\IMG\center_2020_10_30_18_34_54_955.jpg, C:\Users\user\Desktop\simulator-windows-64\sample\IMG\left_2020_10_30_18_34_54_955.jpg, C:\Users\user\Desktop\simulator-windows-64\sample\IMG\right_2020_10_30_18_34_54_955.jpg, -0.2538915, 1, 0, 30.1764
C:\Users\user\Desktop\simulator-windows-64\sample\IMG\center_2020_10_30_18_34_55_091.jpg, C:\Users\user\Desktop\simulator-windows-64\sample\IMG\left_2020_10_30_18_34_55_091.jpg, C:\Users\user\Desktop\simulator-windows-64\sample\IMG\right_2020_10_30_18_34_55_091.jpg, 0, 1, 0, 30.19027
C:\Users\user\Desktop\simulator-windows-64\sample\IMG\center_2020_10_30_18_34_55_233.jpg, C:\Users\user\Desktop\simulator-windows-64\sample\IMG\left_2020_10_30_18_34_55_233.jpg, C:\Users\user\Desktop\simulator-windows-64\sample\IMG\right_2020_10_30_18_34_55_233.jpg, 0, 1, 0, 30.19051
C:\Users\user\Desktop\simulator-windows-64\sample\IMG\center_2020_10_30_18_34_55_380.jpg, C:\Users\user\Desktop\simulator-windows-64\sample\IMG\left_2020_10_30_18_34_55_380.jpg, C:\Users\user\Desktop\simulator-windows-64\sample\IMG\right_2020_10_30_18_34_55_380.jpg, 0, 1, 0, 30.19069
C:\Users\user\Desktop\simulator-windows-64\sample\IMG\center_2020_10_30_18_34_55_519.jpg, C:\Users\user\Desktop\simulator-windows-64\sample\IMG\left_2020_10_30_18_34_55_519.jpg, C:\Users\user\Desktop\simulator-windows-64\sample\IMG\right_2020_10_30_18_34_55_519.jpg, 0, 1, 0, 30.1904
C:\Users\user\Desktop\simulator-windows-64\sample\IMG\center_2020_10_30_18_34_55_630.jpg, C:\Users\user\Desktop\simulator-windows-64\sample\IMG\left_2020_10_30_18_34_55_630.jpg, C:\Users\user\Desktop\simulator-windows-64\sample\IMG\right_2020_10_30_18_34_55_630.jpg, 0, 1, 0, 30.19006
C:\Users\user\Desktop\simulator-windows-64\sample\IMG\center_2020_10_30_18_34_55_749.jpg, C:\Users\user\Desktop\simulator-windows-64\sample\IMG\left_2020_10_30_18_34_55_749.jpg, C:\Users\user\Desktop\simulator-windows-64\sample\IMG\right_2020_10_30_18_34_55_749.jpg, 0, 1, 0, 30.19034
C:\Users\user\Desktop\simulator-windows-64\sample\IMG\center_2020_10_30_18_34_55_857.jpg, C:\Users\user\Desktop\simulator-windows-64\sample\IMG\left_2020_10_30_18_34_55_857.jpg, C:\Users\user\Desktop\simulator-windows-64\sample\IMG\right_2020_10_30_18_34_55_857.jpg, 0, 1, 0, 30.19036
C:\Users\user\Desktop\simulator-windows-64\sample\IMG\center_2020_10_30_18_34_55_975.jpg, C:\Users\user\Desktop\simulator-windows-64\sample\IMG\left_2020_10_30_18_34_55_975.jpg, C:\Users\user\Desktop\simulator-windows-64\sample\IMG\right_2020_10_30_18_34_55_975.jpg, 0, 1, 0, 30.19036
C:\Users\user\Desktop\simulator-windows-64\sample\IMG\center_2020_10_30_18_34_56_104.jpg, C:\Users\user\Desktop\simulator-windows-64\sample\IMG\left_2020_10_30_18_34_56_104.jpg, C:\Users\user\Desktop\simulator-windows-64\sample\IMG\right_2020_10_30_18_34_56_104.jpg, 0, 1, 0, 30.19037
C:\Users\user\Desktop\simulator-windows-64\sample\IMG\center_2020_10_30_18_34_56_229.jpg, C:\Users\user\Desktop\simulator-windows-64\sample\IMG\left_2020_10_30_18_34_56_229.jpg, C:\Users\user\Desktop\simulator-windows-64\sample\IMG\right_2020_10_30_18_34_56_229.jpg, 0, 1, 0, 30.19036
C:\Users\user\Desktop\simulator-windows-64\sample\IMG\center_2020_10_30_18_34_56_396.jpg, C:\Users\user\Desktop\simulator-windows-64\sample\IMG\left_2020_10_30_18_34_56_396.jpg, C:\Users\user\Desktop\simulator-windows-64\sample\IMG\right_2020_10_30_18_34_56_396.jpg, 0, 1, 0, 30.19036
C:\Users\user\Desktop\simulator-windows-64\sample\IMG\center_2020_10_30_18_34_56_579.jpg, C:\Users\user\Desktop\simulator-windows-64\sample\IMG\left_2020_10_30_18_34_56_579.jpg, C:\Users\user\Desktop\simulator-windows-64\sample\IMG\right_2020_10_30_18_34_56_579.jpg, 0, 1, 0, 30.19035
C:\Users\user\Desktop\simulator-windows-64\sample\IMG\center_2020_10_30_18_34_56_706.jpg, C:\Users\user\Desktop\simulator-windows-64\sample\IMG\left_2020_10_30_18_34_56_706.jpg, C:\Users\user\Desktop\simulator-windows-64\sample\IMG\right_2020_10_30_18_34_56_706.jpg, 0, 1, 0, 30.19032
C:\Users\user\Desktop\simulator-windows-64\sample\IMG\center_2020_10_30_18_34_56_830.jpg, C:\Users\user\Desktop\simulator-windows-64\sample\IMG\left_2020_10_30_18_34_56_830.jpg, C:\Users\user\Desktop\simulator-windows-64\sample\IMG\right_2020_10_30_18_34_56_830.jpg, 0, 1, 0, 30.19018
C:\Users\user\Desktop\simulator-windows-64\sample\IMG\center_2020_10_30_18_34_56_953.jpg, C:\Users\user\Desktop\simulator-windows-64\sample\IMG\left_2020_10_30_18_34_56_953.jpg, C:\Users\user\Desktop\simulator-windows-64\sample\IMG\right_2020_10_30_18_34_56_953.jpg, 0, 1, 0, 30.19027
C:\Users\user\Desktop\simulator-windows-64\sample\IMG\center_2020_10_30_18_34_57_079.jpg, C:\Users\user\Desktop\simulator-windows-64\sample\IMG\left_2020_10_30_18_34_57_079.jpg, C:\Users\user\Desktop\simulator-windows-64\sample\IMG\right_2020_10_30_18_34_57_079.jpg, 0, 1, 0, 30.19009
C:\Users\user\Desktop\simulator-windows-64\sample\IMG\center_2020_10_30_18_34_57_220.jpg, C:\Users\user\Desktop\simulator-windows-64\sample\IMG\left_2020_10_30_18_34_57_220.jpg, C:\Users\user\Desktop\simulator-windows-64\sample\IMG\right_2020_10_30_18_34_57_220.jpg, 0, 1, 0, 30.19016
C:\Users\user\Desktop\simulator-windows-64\sample\IMG\center_2020_10_30_18_34_57_354.jpg, C:\Users\user\Desktop\simulator-windows-64\sample\IMG\left_2020_10_30_18_34_57_354.jpg, C:\Users\user\Desktop\simulator-windows-64\sample\IMG\right_2020_10_30_18_34_57_354.jpg, 0, 1, 0, 30.19018
C:\Users\user\Desktop\simulator-windows-64\sample\IMG\center_2020_10_30_18_34_57_492.jpg, C:\Users\user\Desktop\simulator-windows-64\sample\IMG\left_2020_10_30_18_34_57_492.jpg, C:\Users\user\Desktop\simulator-windows-64\sample\IMG\right_2020_10_30_18_34_57_492.jpg, 0, 1, 0, 30.1902
C:\Users\user\Desktop\simulator-windows-64\sample\IMG\center_2020_10_30_18_34_57_653.jpg, C:\Users\user\Desktop\simulator-windows-64\sample\IMG\left_2020_10_30_18_34_57_653.jpg, C:\Users\user\Desktop\simulator-windows-64\sample\IMG\right_2020_10_30_18_34_57_653.jpg, 0, 1, 0, 30.19016
C:\Users\user\Desktop\simulator-windows-64\sample\IMG\center_2020_10_30_18_34_57_786.jpg, C:\Users\user\Desktop\simulator-windows-64\sample\IMG\left_2020_10_30_18_34_57_786.jpg, C:\Users\user\Desktop\simulator-windows-64\sample\IMG\right_2020_10_30_18_34_57_786.jpg, 0, 1, 0, 30.1902
C:\Users\user\Desktop\simulator-windows-64\sample\IMG\center_2020_10_30_18_34_57_914.jpg, C:\Users\user\Desktop\simulator-windows-64\sample\IMG\left_2020_10_30_18_34_57_914.jpg, C:\Users\user\Desktop\simulator-windows-64\sample\IMG\right_2020_10_30_18_34_57_914.jpg, 0, 1, 0, 30.19019
C:\Users\user\Desktop\simulator-windows-64\sample\IMG\center_2020_10_30_18_34_58_027.jpg, C:\Users\user\Desktop\simulator-windows-64\sample\IMG\left_2020_10_30_18_34_58_027.jpg, C:\Users\user\Desktop\simulator-windows-64\sample\IMG\right_2020_10_30_18_34_58_027.jpg, 0, 1, 0, 30.1902
C:\Users\user\Desktop\simulator-windows-64\sample\IMG\center_2020_10_30_18_34_58_135.jpg, C:\Users\user\Desktop\simulator-windows-64\sample\IMG\left_2020_10_30_18_34_58_135.jpg, C:\Users\user\Desktop\simulator-windows-64\sample\IMG\right_2020_10_30_18_34_58_135.jpg, 0, 1, 0, 30.19018
C:\Users\user\Desktop\simulator-windows-64\sample\IMG\center_2020_10_30_18_34_58_288.jpg, C:\Users\user\Desktop\simulator-windows-64\sample\IMG\left_2020_10_30_18_34_58_288.jpg, C:\Users\user\Desktop\simulator-windows-64\sample\IMG\right_2020_10_30_18_34_58_288.jpg, -0.4551054, 1, 0, 30.1648
C:\Users\user\Desktop\simulator-windows-64\sample\IMG\center_2020_10_30_18_34_58_422.jpg, C:\Users\user\Desktop\simulator-windows-64\sample\IMG\left_2020_10_30_18_34_58_422.jpg, C:\Users\user\Desktop\simulator-windows-64\sample\IMG\right_2020_10_30_18_34_58_422.jpg, -0.05079177, 0.5956864, 0, 30.08919
C:\Users\user\Desktop\simulator-windows-64\sample\IMG\center_2020_10_30_18_34_58_530.jpg, C:\Users\user\Desktop\simulator-windows-64\sample\IMG\left_2020_10_30_18_34_58_530.jpg, C:\Users\user\Desktop\simulator-windows-64\sample\IMG\right_2020_10_30_18_34_58_530.jpg, 0, 0.2733139, 0, 30.00336
C:\Users\user\Desktop\simulator-windows-64\sample\IMG\center_2020_10_30_18_34_58_635.jpg, C:\Users\user\Desktop\simulator-windows-64\sample\IMG\left_2020_10_30_18_34_58_635.jpg, C:\Users\user\Desktop\simulator-windows-64\sample\IMG\right_2020_10_30_18_34_58_635.jpg, 0, 0, 0, 29.74345
C:\Users\user\Desktop\simulator-windows-64\sample\IMG\center_2020_10_30_18_34_58_778.jpg, C:\Users\user\Desktop\simulator-windows-64\sample\IMG\left_2020_10_30_18_34_58_778.jpg, C:\Users\user\Desktop\simulator-windows-64\sample\IMG\right_2020_10_30_18_34_58_778.jpg, 0, 0, 0, 29.32776
C:\Users\user\Desktop\simulator-windows-64\sample\IMG\center_2020_10_30_18_34_58_921.jpg, C:\Users\user\Desktop\simulator-windows-64\sample\IMG\left_2020_10_30_18_34_58_921.jpg, C:\Users\user\Desktop\simulator-windows-64\sample\IMG\right_2020_10_30_18_34_58_921.jpg, 0, 0, 0, 28.86016
C:\Users\user\Desktop\simulator-windows-64\sample\IMG\center_2020_10_30_18_34_59_057.jpg, C:\Users\user\Desktop\simulator-windows-64\sample\IMG\left_2020_10_30_18_34_59_057.jpg, C:\Users\user\Desktop\simulator-windows-64\sample\IMG\right_2020_10_30_18_34_59_057.jpg, 0, 0.4052826, 0, 28.90446
C:\Users\user\Desktop\simulator-windows-64\sample\IMG\center_2020_10_30_18_34_59_198.jpg, C:\Users\user\Desktop\simulator-windows-64\sample\IMG\left_2020_10_30_18_34_59_198.jpg, C:\Users\user\Desktop\simulator-windows-64\sample\IMG\right_2020_10_30_18_34_59_198.jpg, 0, 0.827235, 0, 29.65835
C:\Users\user\Desktop\simulator-windows-64\sample\IMG\center_2020_10_30_18_34_59_330.jpg, C:\Users\user\Desktop\simulator-windows-64\sample\IMG\left_2020_10_30_18_34_59_330.jpg, C:\Users\user\Desktop\simulator-windows-64\sample\IMG\right_2020_10_30_18_34_59_330.jpg, 0.3976668, 1, 0, 30.1569
C:\Users\user\Desktop\simulator-windows-64\sample\IMG\center_2020_10_30_18_34_59_449.jpg, C:\Users\user\Desktop\simulator-windows-64\sample\IMG\left_2020_10_30_18_34_59_449.jpg, C:\Users\user\Desktop\simulator-windows-64\sample\IMG\right_2020_10_30_18_34_59_449.jpg, 0.03826261, 1, 0, 30.18895
C:\Users\user\Desktop\simulator-windows-64\sample\IMG\center_2020_10_30_18_34_59_595.jpg, C:\Users\user\Desktop\simulator-windows-64\sample\IMG\left_2020_10_30_18_34_59_595.jpg, C:\Users\user\Desktop\simulator-windows-64\sample\IMG\right_2020_10_30_18_34_59_595.jpg, 0, 1, 0, 30.19009
C:\Users\user\Desktop\simulator-windows-64\sample\IMG\center_2020_10_30_18_34_59_718.jpg, C:\Users\user\Desktop\simulator-windows-64\sample\IMG\left_2020_10_30_18_34_59_718.jpg, C:\Users\user\Desktop\simulator-windows-64\sample\IMG\right_2020_10_30_18_34_59_718.jpg, 0, 1, 0, 30.19028
C:\Users\user\Desktop\simulator-windows-64\sample\IMG\center_2020_10_30_18_34_59_821.jpg, C:\Users\user\Desktop\simulator-windows-64\sample\IMG\left_2020_10_30_18_34_59_821.jpg, C:\Users\user\Desktop\simulator-windows-64\sample\IMG\right_2020_10_30_18_34_59_821.jpg, -0.3059694, 1, 0, 30.17213
C:\Users\user\Desktop\simulator-windows-64\sample\IMG\center_2020_10_30_18_34_59_965.jpg, C:\Users\user\Desktop\simulator-windows-64\sample\IMG\left_2020_10_30_18_34_59_965.jpg, C:\Users\user\Desktop\simulator-windows-64\sample\IMG\right_2020_10_30_18_34_59_965.jpg, -0.3821736, 1, 0, 30.1846
C:\Users\user\Desktop\simulator-windows-64\sample\IMG\center_2020_10_30_18_35_00_096.jpg, C:\Users\user\Desktop\simulator-windows-64\sample\IMG\left_2020_10_30_18_35_00_096.jpg, C:\Users\user\Desktop\simulator-windows-64\sample\IMG\right_2020_10_30_18_35_00_096.jpg, 0, 1, 0, 30.18315
C:\Users\user\Desktop\simulator-windows-64\sample\IMG\center_2020_10_30_18_35_00_220.jpg, C:\Users\user\Desktop\simulator-windows-64\sample\IMG\left_2020_10_30_18_35_00_220.jpg, C:\Users\user\Desktop\simulator-windows-64\sample\IMG\right_2020_10_30_18_35_00_220.jpg, 0, 1, 0, 30.18992
C:\Users\user\Desktop\simulator-windows-64\sample\IMG\center_2020_10_30_18_35_00_332.jpg, C:\Users\user\Desktop\simulator-windows-64\sample\IMG\left_2020_10_30_18_35_00_332.jpg, C:\Users\user\Desktop\simulator-windows-64\sample\IMG\right_2020_10_30_18_35_00_332.jpg, 0.1283961, 1, 0, 30.18247
C:\Users\user\Desktop\simulator-windows-64\sample\IMG\center_2020_10_30_18_35_00_464.jpg, C:\Users\user\Desktop\simulator-windows-64\sample\IMG\left_2020_10_30_18_35_00_464.jpg, C:\Users\user\Desktop\simulator-windows-64\sample\IMG\right_2020_10_30_18_35_00_464.jpg, 0.194043, 1, 0, 30.18762
C:\Users\user\Desktop\simulator-windows-64\sample\IMG\center_2020_10_30_18_35_00_608.jpg, C:\Users\user\Desktop\simulator-windows-64\sample\IMG\left_2020_10_30_18_35_00_608.jpg, C:\Users\user\Desktop\simulator-windows-64\sample\IMG\right_2020_10_30_18_35_00_608.jpg, 0, 1, 0, 30.18979
C:\Users\user\Desktop\simulator-windows-64\sample\IMG\center_2020_10_30_18_35_00_732.jpg, C:\Users\user\Desktop\simulator-windows-64\sample\IMG\left_2020_10_30_18_35_00_732.jpg, C:\Users\user\Desktop\simulator-windows-64\sample\IMG\right_2020_10_30_18_35_00_732.jpg, 0, 1, 0, 30.19027
C:\Users\user\Desktop\simulator-windows-64\sample\IMG\center_2020_10_30_18_35_00_840.jpg, C:\Users\user\Desktop\simulator-windows-64\sample\IMG\left_2020_10_30_18_35_00_840.jpg, C:\Users\user\Desktop\simulator-windows-64\sample\IMG\right_2020_10_30_18_35_00_840.jpg, 0, 1, 0, 30.19056
C:\Users\user\Desktop\simulator-windows-64\sample\IMG\center_2020_10_30_18_35_00_958.jpg, C:\Users\user\Desktop\simulator-windows-64\sample\IMG\left_2020_10_30_18_35_00_958.jpg, C:\Users\user\Desktop\simulator-windows-64\sample\IMG\right_2020_10_30_18_35_00_958.jpg, 0, 1, 0, 30.19
C:\Users\user\Desktop\simulator-windows-64\sample\IMG\center_2020_10_30_18_35_01_098.jpg, C:\Users\user\Desktop\simulator-windows-64\sample\IMG\left_2020_10_30_18_35_01_098.jpg, C:\Users\user\Desktop\simulator-windows-64\sample\IMG\right_2020_10_30_18_35_01_098.jpg, 0, 1, 0, 30.18988
C:\Users\user\Desktop\simulator-windows-64\sample\IMG\center_2020_10_30_18_35_01_221.jpg, C:\Users\user\Desktop\simulator-windows-64\sample\IMG\left_2020_10_30_18_35_01_221.jpg, C:\Users\user\Desktop\simulator-windows-64\sample\IMG\right_2020_10_30_18_35_01_221.jpg, 0, 1, 0, 30.18943
C:\Users\user\Desktop\simulator-windows-64\sample\IMG\center_2020_10_30_18_35_01_399.jpg, C:\Users\user\Desktop\simulator-windows-64\sample\IMG\left_2020_10_30_18_35_01_399.jpg, C:\Users\user\Desktop\simulator-windows-64\sample\IMG\right_2020_10_30_18_35_01_399.jpg, 0.06431609, 1, 0, 30.19074
C:\Users\user\Desktop\simulator-windows-64\sample\IMG\center_2020_10_30_18_35_01_590.jpg, C:\Users\user\Desktop\simulator-windows-64\sample\IMG\left_2020_10_30_18_35_01_590.jpg, C:\Users\user\Desktop\simulator-windows-64\sample\IMG\right_2020_10_30_18_35_01_590.jpg, 0, 1, 0, 30.19032
C:\Users\user\Desktop\simulator-windows-64\sample\IMG\center_2020_10_30_18_35_01_760.jpg, C:\Users\user\Desktop\simulator-windows-64\sample\IMG\left_2020_10_30_18_35_01_760.jpg, C:\Users\user\Desktop\simulator-windows-64\sample\IMG\right_2020_10_30_18_35_01_760.jpg, 0, 1, 0, 30.19038
C:\Users\user\Desktop\simulator-windows-64\sample\IMG\center_2020_10_30_18_35_01_935.jpg, C:\Users\user\Desktop\simulator-windows-64\sample\IMG\left_2020_10_30_18_35_01_935.jpg, C:\Users\user\Desktop\simulator-windows-64\sample\IMG\right_2020_10_30_18_35_01_935.jpg, 0, 1, 0, 30.1904
C:\Users\user\Desktop\simulator-windows-64\sample\IMG\center_2020_10_30_18_35_02_043.jpg, C:\Users\user\Desktop\simulator-windows-64\sample\IMG\left_2020_10_30_18_35_02_043.jpg, C:\Users\user\Desktop\simulator-windows-64\sample\IMG\right_2020_10_30_18_35_02_043.jpg, 0, 1, 0, 30.19039
C:\Users\user\Desktop\simulator-windows-64\sample\IMG\center_2020_10_30_18_35_02_150.jpg, C:\Users\user\Desktop\simulator-windows-64\sample\IMG\left_2020_10_30_18_35_02_150.jpg, C:\Users\user\Desktop\simulator-windows-64\sample\IMG\right_2020_10_30_18_35_02_150.jpg, 0, 1, 0, 30.19038
C:\Users\user\Desktop\simulator-windows-64\sample\IMG\center_2020_10_30_18_35_02_273.jpg, C:\Users\user\Desktop\simulator-windows-64\sample\IMG\left_2020_10_30_18_35_02_273.jpg, C:\Users\user\Desktop\simulator-windows-64\sample\IMG\right_2020_10_30_18_35_02_273.jpg, 0, 1, 0, 30.1904
C:\Users\user\Desktop\simulator-windows-64\sample\IMG\center_2020_10_30_18_35_02_446.jpg, C:\Users\user\Desktop\simulator-windows-64\sample\IMG\left_2020_10_30_18_35_02_446.jpg, C:\Users\user\Desktop\simulator-windows-64\sample\IMG\right_2020_10_30_18_35_02_446.jpg, 0, 1, 0, 30.19025
C:\Users\user\Desktop\simulator-windows-64\sample\IMG\center_2020_10_30_18_35_02_577.jpg, C:\Users\user\Desktop\simulator-windows-64\sample\IMG\left_2020_10_30_18_35_02_577.jpg, C:\Users\user\Desktop\simulator-windows-64\sample\IMG\right_2020_10_30_18_35_02_577.jpg, 0, 1, 0, 30.1902
C:\Users\user\Desktop\simulator-windows-64\sample\IMG\center_2020_10_30_18_35_02_739.jpg, C:\Users\user\Desktop\simulator-windows-64\sample\IMG\left_2020_10_30_18_35_02_739.jpg, C:\Users\user\Desktop\simulator-windows-64\sample\IMG\right_2020_10_30_18_35_02_739.jpg, 0, 1, 0, 30.19029
C:\Users\user\Desktop\simulator-windows-64\sample\IMG\center_2020_10_30_18_35_02_882.jpg, C:\Users\user\Desktop\simulator-windows-64\sample\IMG\left_2020_10_30_18_35_02_882.jpg, C:\Users\user\Desktop\simulator-windows-64\sample\IMG\right_2020_10_30_18_35_02_882.jpg, 0, 1, 0, 30.19028
C:\Users\user\Desktop\simulator-windows-64\sample\IMG\center_2020_10_30_18_35_03_032.jpg, C:\Users\user\Desktop\simulator-windows-64\sample\IMG\left_2020_10_30_18_35_03_032.jpg, C:\Users\user\Desktop\simulator-windows-64\sample\IMG\right_2020_10_30_18_35_03_032.jpg, 0, 1, 0, 30.19032
C:\Users\user\Desktop\simulator-windows-64\sample\IMG\center_2020_10_30_18_35_03_179.jpg, C:\Users\user\Desktop\simulator-windows-64\sample\IMG\left_2020_10_30_18_35_03_179.jpg, C:\Users\user\Desktop\simulator-windows-64\sample\IMG\right_2020_10_30_18_35_03_179.jpg, 0, 1, 0, 30.19034
C:\Users\user\Desktop\simulator-windows-64\sample\IMG\center_2020_10_30_18_35_03_312.jpg, C:\Users\user\Desktop\simulator-windows-64\sample\IMG\left_2020_10_30_18_35_03_312.jpg, C:\Users\user\Desktop\simulator-windows-64\sample\IMG\right_2020_10_30_18_35_03_312.jpg, 0, 1, 0, 30.19027
C:\Users\user\Desktop\simulator-windows-64\sample\IMG\center_2020_10_30_18_35_03_457.jpg, C:\Users\user\Desktop\simulator-windows-64\sample\IMG\left_2020_10_30_18_35_03_457.jpg, C:\Users\user\Desktop\simulator-windows-64\sample\IMG\right_2020_10_30_18_35_03_457.jpg, 0, 1, 0, 30.19031
C:\Users\user\Desktop\simulator-windows-64\sample\IMG\center_2020_10_30_18_35_03_599.jpg, C:\Users\user\Desktop\simulator-windows-64\sample\IMG\left_2020_10_30_18_35_03_599.jpg, C:\Users\user\Desktop\simulator-windows-64\sample\IMG\right_2020_10_30_18_35_03_599.jpg, 0, 1, 0, 30.19032
C:\Users\user\Desktop\simulator-windows-64\sample\IMG\center_2020_10_30_18_35_03_751.jpg, C:\Users\user\Desktop\simulator-windows-64\sample\IMG\left_2020_10_30_18_35_03_751.jpg, C:\Users\user\Desktop\simulator-windows-64\sample\IMG\right_2020_10_30_18_35_03_751.jpg, -0.4491528, 1, 0, 30.16494
C:\Users\user\Desktop\simulator-windows-64\sample\IMG\center_2020_10_30_18_35_03_882.jpg, C:\Users\user\Desktop\simulator-windows-64\sample\IMG\left_2020_10_30_18_35_03_882.jpg, C:\Users\user\Desktop\simulator-windows-64\sample\IMG\right_2020_10_30_18_35_03_882.jpg, -0.0525144, 1, 0, 30.19056
C:\Users\user\Desktop\simulator-windows-64\sample\IMG\center_2020_10_30_18_35_04_036.jpg, C:\Users\user\Desktop\simulator-windows-64\sample\IMG\left_2020_10_30_18_35_04_036.jpg, C:\Users\user\Desktop\simulator-windows-64\sample\IMG\right_2020_10_30_18_35_04_036.jpg, 0, 1, 0, 30.19011
C:\Users\user\Desktop\simulator-windows-64\sample\IMG\center_2020_10_30_18_35_04_162.jpg, C:\Users\user\Desktop\simulator-windows-64\sample\IMG\left_2020_10_30_18_35_04_162.jpg, C:\Users\user\Desktop\simulator-windows-64\sample\IMG\right_2020_10_30_18_35_04_162.jpg, 0, 1, 0, 30.19029
C:\Users\user\Desktop\simulator-windows-64\sample\IMG\center_2020_10_30_18_35_04_275.jpg, C:\Users\user\Desktop\simulator-windows-64\sample\IMG\left_2020_10_30_18_35_04_275.jpg, C:\Users\user\Desktop\simulator-windows-64\sample\IMG\right_2020_10_30_18_35_04_275.jpg, 0, 1, 0, 30.19029
C:\Users\user\Desktop\simulator-windows-64\sample\IMG\center_2020_10_30_18_35_04_393.jpg, C:\Users\user\Desktop\simulator-windows-64\sample\IMG\left_2020_10_30_18_35_04_393.jpg, C:\Users\user\Desktop\simulator-windows-64\sample\IMG\right_2020_10_30_18_35_04_393.jpg, 0.1442673, 1, 0, 30.18292
C:\Users\user\Desktop\simulator-windows-64\sample\IMG\center_2020_10_30_18_35_04_521.jpg, C:\Users\user\Desktop\simulator-windows-64\sample\IMG\left_2020_10_30_18_35_04_521.jpg, C:\Users\user\Desktop\simulator-windows-64\sample\IMG\right_2020_10_30_18_35_04_521.jpg, 0.2013252, 1, 0, 30.18811
C:\Users\user\Desktop\simulator-windows-64\sample\IMG\center_2020_10_30_18_35_04_644.jpg, C:\Users\user\Desktop\simulator-windows-64\sample\IMG\left_2020_10_30_18_35_04_644.jpg, C:\Users\user\Desktop\simulator-windows-64\sample\IMG\right_2020_10_30_18_35_04_644.jpg, 0, 1, 0, 30.18954
C:\Users\user\Desktop\simulator-windows-64\sample\IMG\center_2020_10_30_18_35_04_776.jpg, C:\Users\user\Desktop\simulator-windows-64\sample\IMG\left_2020_10_30_18_35_04_776.jpg, C:\Users\user\Desktop\simulator-windows-64\sample\IMG\right_2020_10_30_18_35_04_776.jpg, 0, 1, 0, 30.19023
C:\Users\user\Desktop\simulator-windows-64\sample\IMG\center_2020_10_30_18_35_04_966.jpg, C:\Users\user\Desktop\simulator-windows-64\sample\IMG\left_2020_10_30_18_35_04_966.jpg, C:\Users\user\Desktop\simulator-windows-64\sample\IMG\right_2020_10_30_18_35_04_966.jpg, 0, 1, 0, 30.19028
C:\Users\user\Desktop\simulator-windows-64\sample\IMG\center_2020_10_30_18_35_05_069.jpg, C:\Users\user\Desktop\simulator-windows-64\sample\IMG\left_2020_10_30_18_35_05_069.jpg, C:\Users\user\Desktop\simulator-windows-64\sample\IMG\right_2020_10_30_18_35_05_069.jpg, 0, 1, 0, 30.1903
C:\Users\user\Desktop\simulator-windows-64\sample\IMG\center_2020_10_30_18_35_05_188.jpg, C:\Users\user\Desktop\simulator-windows-64\sample\IMG\left_2020_10_30_18_35_05_188.jpg, C:\Users\user\Desktop\simulator-windows-64\sample\IMG\right_2020_10_30_18_35_05_188.jpg, 0, 1, 0, 30.19029
C:\Users\user\Desktop\simulator-windows-64\sample\IMG\center_2020_10_30_18_35_05_336.jpg, C:\Users\user\Desktop\simulator-windows-64\sample\IMG\left_2020_10_30_18_35_05_336.jpg, C:\Users\user\Desktop\simulator-windows-64\sample\IMG\right_2020_10_30_18_35_05_336.jpg, 0, 1, 0, 30.1903
C:\Users\user\Desktop\simulator-windows-64\sample\IMG\center_2020_10_30_18_35_05_512.jpg, C:\Users\user\Desktop\simulator-windows-64\sample\IMG\left_2020_10_30_18_35_05_512.jpg, C:\Users\user\Desktop\simulator-windows-64\sample\IMG\right_2020_10_30_18_35_05_512.jpg, 0, 1, 0, 30.1903
C:\Users\user\Desktop\simulator-windows-64\sample\IMG\center_2020_10_30_18_35_05_650.jpg, C:\Users\user\Desktop\simulator-windows-64\sample\IMG\left_2020_10_30_18_35_05_650.jpg, C:\Users\user\Desktop\simulator-windows-64\sample\IMG\right_2020_10_30_18_35_05_650.jpg, 0, 1, 0, 30.19032
C:\Users\user\Desktop\simulator-windows-64\sample\IMG\center_2020_10_30_18_35_05_784.jpg, C:\Users\user\Desktop\simulator-windows-64\sample\IMG\left_2020_10_30_18_35_05_784.jpg, C:\Users\user\Desktop\simulator-windows-64\sample\IMG\right_2020_10_30_18_35_05_784.jpg, 0, 1, 0, 30.19031
C:\Users\user\Desktop\simulator-windows-64\sample\IMG\center_2020_10_30_18_35_05_902.jpg, C:\Users\user\Desktop\simulator-windows-64\sample\IMG\left_2020_10_30_18_35_05_902.jpg, C:\Users\user\Desktop\simulator-windows-64\sample\IMG\right_2020_10_30_18_35_05_902.jpg, 0, 1, 0, 30.19027
C:\Users\user\Desktop\simulator-windows-64\sample\IMG\center_2020_10_30_18_35_06_007.jpg, C:\Users\user\Desktop\simulator-windows-64\sample\IMG\left_2020_10_30_18_35_06_007.jpg, C:\Users\user\Desktop\simulator-windows-64\sample\IMG\right_2020_10_30_18_35_06_007.jpg, -0.3185181, 1, 0, 30.1718
C:\Users\user\Desktop\simulator-windows-64\sample\IMG\center_2020_10_30_18_35_06_184.jpg, C:\Users\user\Desktop\simulator-windows-64\sample\IMG\left_2020_10_30_18_35_06_184.jpg, C:\Users\user\Desktop\simulator-windows-64\sample\IMG\right_2020_10_30_18_35_06_184.jpg, -0.3779085, 1, 0, 30.18814
C:\Users\user\Desktop\simulator-windows-64\sample\IMG\center_2020_10_30_18_35_06_320.jpg, C:\Users\user\Desktop\simulator-windows-64\sample\IMG\left_2020_10_30_18_35_06_320.jpg, C:\Users\user\Desktop\simulator-windows-64\sample\IMG\right_2020_10_30_18_35_06_320.jpg, 0, 1, 0, 30.18457
C:\Users\user\Desktop\simulator-windows-64\sample\IMG\center_2020_10_30_18_35_06_442.jpg, C:\Users\user\Desktop\simulator-windows-64\sample\IMG\left_2020_10_30_18_35_06_442.jpg, C:\Users\user\Desktop\simulator-windows-64\sample\IMG\right_2020_10_30_18_35_06_442.jpg, 0, 1, 0, 30.19022
C:\Users\user\Desktop\simulator-windows-64\sample\IMG\center_2020_10_30_18_35_06_567.jpg, C:\Users\user\Desktop\simulator-windows-64\sample\IMG\left_2020_10_30_18_35_06_567.jpg, C:\Users\user\Desktop\simulator-windows-64\sample\IMG\right_2020_10_30_18_35_06_567.jpg, 0.3724419, 1, 0, 30.16095
C:\Users\user\Desktop\simulator-windows-64\sample\IMG\center_2020_10_30_18_35_06_705.jpg, C:\Users\user\Desktop\simulator-windows-64\sample\IMG\left_2020_10_30_18_35_06_705.jpg, C:\Users\user\Desktop\simulator-windows-64\sample\IMG\right_2020_10_30_18_35_06_705.jpg, 0, 1, 0, 30.18962
C:\Users\user\Desktop\simulator-windows-64\sample\IMG\center_2020_10_30_18_35_06_831.jpg, C:\Users\user\Desktop\simulator-windows-64\sample\IMG\left_2020_10_30_18_35_06_831.jpg, C:\Users\user\Desktop\simulator-windows-64\sample\IMG\right_2020_10_30_18_35_06_831.jpg, 0, 1, 0, 30.1902
C:\Users\user\Desktop\simulator-windows-64\sample\IMG\center_2020_10_30_18_35_06_956.jpg, C:\Users\user\Desktop\simulator-windows-64\sample\IMG\left_2020_10_30_18_35_06_956.jpg, C:\Users\user\Desktop\simulator-windows-64\sample\IMG\right_2020_10_30_18_35_06_956.jpg, 0, 1, 0, 30.19028
C:\Users\user\Desktop\simulator-windows-64\sample\IMG\center_2020_10_30_18_35_07_100.jpg, C:\Users\user\Desktop\simulator-windows-64\sample\IMG\left_2020_10_30_18_35_07_100.jpg, C:\Users\user\Desktop\simulator-windows-64\sample\IMG\right_2020_10_30_18_35_07_100.jpg, 0, 1, 0, 30.19032
C:\Users\user\Desktop\simulator-windows-64\sample\IMG\center_2020_10_30_18_35_07_243.jpg, C:\Users\user\Desktop\simulator-windows-64\sample\IMG\left_2020_10_30_18_35_07_243.jpg, C:\Users\user\Desktop\simulator-windows-64\sample\IMG\right_2020_10_30_18_35_07_243.jpg, 0, 1, 0, 30.1903
C:\Users\user\Desktop\simulator-windows-64\sample\IMG\center_2020_10_30_18_35_07_374.jpg, C:\Users\user\Desktop\simulator-windows-64\sample\IMG\left_2020_10_30_18_35_07_374.jpg, C:\Users\user\Desktop\simulator-windows-64\sample\IMG\right_2020_10_30_18_35_07_374.jpg, 0, 1, 0, 30.19006
C:\Users\user\Desktop\simulator-windows-64\sample\IMG\center_2020_10_30_18_35_07_496.jpg, C:\Users\user\Desktop\simulator-windows-64\sample\IMG\left_2020_10_30_18_35_07_496.jpg, C:\Users\user\Desktop\simulator-windows-64\sample\IMG\right_2020_10_30_18_35_07_496.jpg, 0, 1, 0, 30.19011
C:\Users\user\Desktop\simulator-windows-64\sample\IMG\center_2020_10_30_18_35_07_624.jpg, C:\Users\user\Desktop\simulator-windows-64\sample\IMG\left_2020_10_30_18_35_07_624.jpg, C:\Users\user\Desktop\simulator-windows-64\sample\IMG\right_2020_10_30_18_35_07_624.jpg, 0, 1, 0, 30.19001
C:\Users\user\Desktop\simulator-windows-64\sample\IMG\center_2020_10_30_18_35_07_743.jpg, C:\Users\user\Desktop\simulator-windows-64\sample\IMG\left_2020_10_30_18_35_07_743.jpg, C:\Users\user\Desktop\simulator-windows-64\sample\IMG\right_2020_10_30_18_35_07_743.jpg, 0, 1, 0, 30.19062
C:\Users\user\Desktop\simulator-windows-64\sample\IMG\center_2020_10_30_18_35_07_859.jpg, C:\Users\user\Desktop\simulator-windows-64\sample\IMG\left_2020_10_30_18_35_07_859.jpg, C:\Users\user\Desktop\simulator-windows-64\sample\IMG\right_2020_10_30_18_35_07_859.jpg, 0, 1, 0, 30.19026
C:\Users\user\Desktop\simulator-windows-64\sample\IMG\center_2020_10_30_18_35_07_995.jpg, C:\Users\user\Desktop\simulator-windows-64\sample\IMG\left_2020_10_30_18_35_07_995.jpg, C:\Users\user\Desktop\simulator-windows-64\sample\IMG\right_2020_10_30_18_35_07_995.jpg, 0, 1, 0, 30.1905
C:\Users\user\Desktop\simulator-windows-64\sample\IMG\center_2020_10_30_18_35_08_132.jpg, C:\Users\user\Desktop\simulator-windows-64\sample\IMG\left_2020_10_30_18_35_08_132.jpg, C:\Users\user\Desktop\simulator-windows-64\sample\IMG\right_2020_10_30_18_35_08_132.jpg, 0, 1, 0, 30.19029
C:\Users\user\Desktop\simulator-windows-64\sample\IMG\center_2020_10_30_18_35_08_338.jpg, C:\Users\user\Desktop\simulator-windows-64\sample\IMG\left_2020_10_30_18_35_08_338.jpg, C:\Users\user\Desktop\simulator-windows-64\sample\IMG\right_2020_10_30_18_35_08_338.jpg, 0, 1, 0, 30.1903
C:\Users\user\Desktop\simulator-windows-64\sample\IMG\center_2020_10_30_18_35_08_448.jpg, C:\Users\user\Desktop\simulator-windows-64\sample\IMG\left_2020_10_30_18_35_08_448.jpg, C:\Users\user\Desktop\simulator-windows-64\sample\IMG\right_2020_10_30_18_35_08_448.jpg, 0, 1, 0, 30.19031
C:\Users\user\Desktop\simulator-windows-64\sample\IMG\center_2020_10_30_18_35_08_553.jpg, C:\Users\user\Desktop\simulator-windows-64\sample\IMG\left_2020_10_30_18_35_08_553.jpg, C:\Users\user\Desktop\simulator-windows-64\sample\IMG\right_2020_10_30_18_35_08_553.jpg, 0, 1, 0, 30.19029
C:\Users\user\Desktop\simulator-windows-64\sample\IMG\center_2020_10_30_18_35_08_660.jpg, C:\Users\user\Desktop\simulator-windows-64\sample\IMG\left_2020_10_30_18_35_08_660.jpg, C:\Users\user\Desktop\simulator-windows-64\sample\IMG\right_2020_10_30_18_35_08_660.jpg, 0, 1, 0, 30.19029
C:\Users\user\Desktop\simulator-windows-64\sample\IMG\center_2020_10_30_18_35_08_808.jpg, C:\Users\user\Desktop\simulator-windows-64\sample\IMG\left_2020_10_30_18_35_08_808.jpg, C:\Users\user\Desktop\simulator-windows-64\sample\IMG\right_2020_10_30_18_35_08_808.jpg, 0, 1, 0, 30.19031
C:\Users\user\Desktop\simulator-windows-64\sample\IMG\center_2020_10_30_18_35_08_957.jpg, C:\Users\user\Desktop\simulator-windows-64\sample\IMG\left_2020_10_30_18_35_08_957.jpg, C:\Users\user\Desktop\simulator-windows-64\sample\IMG\right_2020_10_30_18_35_08_957.jpg, 0, 1, 0, 30.1906
C:\Users\user\Desktop\simulator-windows-64\sample\IMG\center_2020_10_30_18_35_09_102.jpg, C:\Users\user\Desktop\simulator-windows-64\sample\IMG\left_2020_10_30_18_35_09_102.jpg, C:\Users\user\Desktop\simulator-windows-64\sample\IMG\right_2020_10_30_18_35_09_102.jpg, 0, 1, 0, 30.19043
C:\Users\user\Desktop\simulator-windows-64\sample\IMG\center_2020_10_30_18_35_09_218.jpg, C:\Users\user\Desktop\simulator-windows-64\sample\IMG\left_2020_10_30_18_35_09_218.jpg, C:\Users\user\Desktop\simulator-windows-64\sample\IMG\right_2020_10_30_18_35_09_218.jpg, 0, 1, 0, 30.19073
C:\Users\user\Desktop\simulator-windows-64\sample\IMG\center_2020_10_30_18_35_09_319.jpg, C:\Users\user\Desktop\simulator-windows-64\sample\IMG\left_2020_10_30_18_35_09_319.jpg, C:\Users\user\Desktop\simulator-windows-64\sample\IMG\right_2020_10_30_18_35_09_319.jpg, 0, 1, 0, 30.19053
C:\Users\user\Desktop\simulator-windows-64\sample\IMG\center_2020_10_30_18_35_09_486.jpg, C:\Users\user\Desktop\simulator-windows-64\sample\IMG\left_2020_10_30_18_35_09_486.jpg, C:\Users\user\Desktop\simulator-windows-64\sample\IMG\right_2020_10_30_18_35_09_486.jpg, 0, 1, 0, 30.19033
C:\Users\user\Desktop\simulator-windows-64\sample\IMG\center_2020_10_30_18_35_09_615.jpg, C:\Users\user\Desktop\simulator-windows-64\sample\IMG\left_2020_10_30_18_35_09_615.jpg, C:\Users\user\Desktop\simulator-windows-64\sample\IMG\right_2020_10_30_18_35_09_615.jpg, 0, 1, 0, 30.19009
C:\Users\user\Desktop\simulator-windows-64\sample\IMG\center_2020_10_30_18_35_09_759.jpg, C:\Users\user\Desktop\simulator-windows-64\sample\IMG\left_2020_10_30_18_35_09_759.jpg, C:\Users\user\Desktop\simulator-windows-64\sample\IMG\right_2020_10_30_18_35_09_759.jpg, 0, 1, 0, 30.19028
C:\Users\user\Desktop\simulator-windows-64\sample\IMG\center_2020_10_30_18_35_09_893.jpg, C:\Users\user\Desktop\simulator-windows-64\sample\IMG\left_2020_10_30_18_35_09_893.jpg, C:\Users\user\Desktop\simulator-windows-64\sample\IMG\right_2020_10_30_18_35_09_893.jpg, 0, 1, 0, 30.19031
C:\Users\user\Desktop\simulator-windows-64\sample\IMG\center_2020_10_30_18_35_10_017.jpg, C:\Users\user\Desktop\simulator-windows-64\sample\IMG\left_2020_10_30_18_35_10_017.jpg, C:\Users\user\Desktop\simulator-windows-64\sample\IMG\right_2020_10_30_18_35_10_017.jpg, 0, 1, 0, 30.19028
C:\Users\user\Desktop\simulator-windows-64\sample\IMG\center_2020_10_30_18_35_10_133.jpg, C:\Users\user\Desktop\simulator-windows-64\sample\IMG\left_2020_10_30_18_35_10_133.jpg, C:\Users\user\Desktop\simulator-windows-64\sample\IMG\right_2020_10_30_18_35_10_133.jpg, 0, 1, 0, 30.19068
C:\Users\user\Desktop\simulator-windows-64\sample\IMG\center_2020_10_30_18_35_10_274.jpg, C:\Users\user\Desktop\simulator-windows-64\sample\IMG\left_2020_10_30_18_35_10_274.jpg, C:\Users\user\Desktop\simulator-windows-64\sample\IMG\right_2020_10_30_18_35_10_274.jpg, 0, 1, 0, 30.1903
C:\Users\user\Desktop\simulator-windows-64\sample\IMG\center_2020_10_30_18_35_10_397.jpg, C:\Users\user\Desktop\simulator-windows-64\sample\IMG\left_2020_10_30_18_35_10_397.jpg, C:\Users\user\Desktop\simulator-windows-64\sample\IMG\right_2020_10_30_18_35_10_397.jpg, 0, 1, 0, 30.19025
C:\Users\user\Desktop\simulator-windows-64\sample\IMG\center_2020_10_30_18_35_10_504.jpg, C:\Users\user\Desktop\simulator-windows-64\sample\IMG\left_2020_10_30_18_35_10_504.jpg, C:\Users\user\Desktop\simulator-windows-64\sample\IMG\right_2020_10_30_18_35_10_504.jpg, 0, 1, 0, 30.19029
C:\Users\user\Desktop\simulator-windows-64\sample\IMG\center_2020_10_30_18_35_10_626.jpg, C:\Users\user\Desktop\simulator-windows-64\sample\IMG\left_2020_10_30_18_35_10_626.jpg, C:\Users\user\Desktop\simulator-windows-64\sample\IMG\right_2020_10_30_18_35_10_626.jpg, 0, 1, 0, 30.19032
C:\Users\user\Desktop\simulator-windows-64\sample\IMG\center_2020_10_30_18_35_10_745.jpg, C:\Users\user\Desktop\simulator-windows-64\sample\IMG\left_2020_10_30_18_35_10_745.jpg, C:\Users\user\Desktop\simulator-windows-64\sample\IMG\right_2020_10_30_18_35_10_745.jpg, -0.1300668, 1, 0, 30.18452
C:\Users\user\Desktop\simulator-windows-64\sample\IMG\center_2020_10_30_18_35_10_874.jpg, C:\Users\user\Desktop\simulator-windows-64\sample\IMG\left_2020_10_30_18_35_10_874.jpg, C:\Users\user\Desktop\simulator-windows-64\sample\IMG\right_2020_10_30_18_35_10_874.jpg, -0.2198697, 1, 0, 30.18965
C:\Users\user\Desktop\simulator-windows-64\sample\IMG\center_2020_10_30_18_35_10_990.jpg, C:\Users\user\Desktop\simulator-windows-64\sample\IMG\left_2020_10_30_18_35_10_990.jpg, C:\Users\user\Desktop\simulator-windows-64\sample\IMG\right_2020_10_30_18_35_10_990.jpg, 0, 1, 0, 30.1893
C:\Users\user\Desktop\simulator-windows-64\sample\IMG\center_2020_10_30_18_35_11_111.jpg, C:\Users\user\Desktop\simulator-windows-64\sample\IMG\left_2020_10_30_18_35_11_111.jpg, C:\Users\user\Desktop\simulator-windows-64\sample\IMG\right_2020_10_30_18_35_11_111.jpg, 0, 1, 0, 30.19015
C:\Users\user\Desktop\simulator-windows-64\sample\IMG\center_2020_10_30_18_35_11_233.jpg, C:\Users\user\Desktop\simulator-windows-64\sample\IMG\left_2020_10_30_18_35_11_233.jpg, C:\Users\user\Desktop\simulator-windows-64\sample\IMG\right_2020_10_30_18_35_11_233.jpg, 0, 1, 0, 30.19022
C:\Users\user\Desktop\simulator-windows-64\sample\IMG\center_2020_10_30_18_35_11_353.jpg, C:\Users\user\Desktop\simulator-windows-64\sample\IMG\left_2020_10_30_18_35_11_353.jpg, C:\Users\user\Desktop\simulator-windows-64\sample\IMG\right_2020_10_30_18_35_11_353.jpg, 0, 1, 0, 30.18985
C:\Users\user\Desktop\simulator-windows-64\sample\IMG\center_2020_10_30_18_35_11_471.jpg, C:\Users\user\Desktop\simulator-windows-64\sample\IMG\left_2020_10_30_18_35_11_471.jpg, C:\Users\user\Desktop\simulator-windows-64\sample\IMG\right_2020_10_30_18_35_11_471.jpg, 0, 1, 0, 30.19081
C:\Users\user\Desktop\simulator-windows-64\sample\IMG\center_2020_10_30_18_35_11_600.jpg, C:\Users\user\Desktop\simulator-windows-64\sample\IMG\left_2020_10_30_18_35_11_600.jpg, C:\Users\user\Desktop\simulator-windows-64\sample\IMG\right_2020_10_30_18_35_11_600.jpg, -0.3893976, 1, 0, 30.15535
C:\Users\user\Desktop\simulator-windows-64\sample\IMG\center_2020_10_30_18_35_11_711.jpg, C:\Users\user\Desktop\simulator-windows-64\sample\IMG\left_2020_10_30_18_35_11_711.jpg, C:\Users\user\Desktop\simulator-windows-64\sample\IMG\right_2020_10_30_18_35_11_711.jpg, -0.5133702, 1, 0, 30.16882
C:\Users\user\Desktop\simulator-windows-64\sample\IMG\center_2020_10_30_18_35_11_813.jpg, C:\Users\user\Desktop\simulator-windows-64\sample\IMG\left_2020_10_30_18_35_11_813.jpg, C:\Users\user\Desktop\simulator-windows-64\sample\IMG\right_2020_10_30_18_35_11_813.jpg, -0.2076474, 1, 0, 30.19397
C:\Users\user\Desktop\simulator-windows-64\sample\IMG\center_2020_10_30_18_35_11_957.jpg, C:\Users\user\Desktop\simulator-windows-64\sample\IMG\left_2020_10_30_18_35_11_957.jpg, C:\Users\user\Desktop\simulator-windows-64\sample\IMG\right_2020_10_30_18_35_11_957.jpg, 0, 1, 0, 30.19004
C:\Users\user\Desktop\simulator-windows-64\sample\IMG\center_2020_10_30_18_35_12_125.jpg, C:\Users\user\Desktop\simulator-windows-64\sample\IMG\left_2020_10_30_18_35_12_125.jpg, C:\Users\user\Desktop\simulator-windows-64\sample\IMG\right_2020_10_30_18_35_12_125.jpg, 0, 1, 0, 30.19134
C:\Users\user\Desktop\simulator-windows-64\sample\IMG\center_2020_10_30_18_35_12_275.jpg, C:\Users\user\Desktop\simulator-windows-64\sample\IMG\left_2020_10_30_18_35_12_275.jpg, C:\Users\user\Desktop\simulator-windows-64\sample\IMG\right_2020_10_30_18_35_12_275.jpg, 0, 1, 0, 30.19049
C:\Users\user\Desktop\simulator-windows-64\sample\IMG\center_2020_10_30_18_35_12_427.jpg, C:\Users\user\Desktop\simulator-windows-64\sample\IMG\left_2020_10_30_18_35_12_427.jpg, C:\Users\user\Desktop\simulator-windows-64\sample\IMG\right_2020_10_30_18_35_12_427.jpg, 0, 1, 0, 30.19006
C:\Users\user\Desktop\simulator-windows-64\sample\IMG\center_2020_10_30_18_35_12_564.jpg, C:\Users\user\Desktop\simulator-windows-64\sample\IMG\left_2020_10_30_18_35_12_564.jpg, C:\Users\user\Desktop\simulator-windows-64\sample\IMG\right_2020_10_30_18_35_12_564.jpg, 0, 1, 0, 30.19034
C:\Users\user\Desktop\simulator-windows-64\sample\IMG\center_2020_10_30_18_35_12_728.jpg, C:\Users\user\Desktop\simulator-windows-64\sample\IMG\left_2020_10_30_18_35_12_728.jpg, C:\Users\user\Desktop\simulator-windows-64\sample\IMG\right_2020_10_30_18_35_12_728.jpg, 0, 1, 0, 30.19033
C:\Users\user\Desktop\simulator-windows-64\sample\IMG\center_2020_10_30_18_35_12_899.jpg, C:\Users\user\Desktop\simulator-windows-64\sample\IMG\left_2020_10_30_18_35_12_899.jpg, C:\Users\user\Desktop\simulator-windows-64\sample\IMG\right_2020_10_30_18_35_12_899.jpg, 0.04162532, 1, 0, 30.19054
C:\Users\user\Desktop\simulator-windows-64\sample\IMG\center_2020_10_30_18_35_13_040.jpg, C:\Users\user\Desktop\simulator-windows-64\sample\IMG\left_2020_10_30_18_35_13_040.jpg, C:\Users\user\Desktop\simulator-windows-64\sample\IMG\right_2020_10_30_18_35_13_040.jpg, 0, 1, 0, 30.19022
C:\Users\user\Desktop\simulator-windows-64\sample\IMG\center_2020_10_30_18_35_13_168.jpg, C:\Users\user\Desktop\simulator-windows-64\sample\IMG\left_2020_10_30_18_35_13_168.jpg, C:\Users\user\Desktop\simulator-windows-64\sample\IMG\right_2020_10_30_18_35_13_168.jpg, 0, 1, 0, 30.19028
C:\Users\user\Desktop\simulator-windows-64\sample\IMG\center_2020_10_30_18_35_13_270.jpg, C:\Users\user\Desktop\simulator-windows-64\sample\IMG\left_2020_10_30_18_35_13_270.jpg, C:\Users\user\Desktop\simulator-windows-64\sample\IMG\right_2020_10_30_18_35_13_270.jpg, 0, 1, 0, 30.18998
C:\Users\user\Desktop\simulator-windows-64\sample\IMG\center_2020_10_30_18_35_13_394.jpg, C:\Users\user\Desktop\simulator-windows-64\sample\IMG\left_2020_10_30_18_35_13_394.jpg, C:\Users\user\Desktop\simulator-windows-64\sample\IMG\right_2020_10_30_18_35_13_394.jpg, 0, 1, 0, 30.19025
C:\Users\user\Desktop\simulator-windows-64\sample\IMG\center_2020_10_30_18_35_13_516.jpg, C:\Users\user\Desktop\simulator-windows-64\sample\IMG\left_2020_10_30_18_35_13_516.jpg, C:\Users\user\Desktop\simulator-windows-64\sample\IMG\right_2020_10_30_18_35_13_516.jpg, 0, 1, 0, 30.1909
C:\Users\user\Desktop\simulator-windows-64\sample\IMG\center_2020_10_30_18_35_13_636.jpg, C:\Users\user\Desktop\simulator-windows-64\sample\IMG\left_2020_10_30_18_35_13_636.jpg, C:\Users\user\Desktop\simulator-windows-64\sample\IMG\right_2020_10_30_18_35_13_636.jpg, -0.3565377, 1, 0, 30.16153
C:\Users\user\Desktop\simulator-windows-64\sample\IMG\center_2020_10_30_18_35_13_747.jpg, C:\Users\user\Desktop\simulator-windows-64\sample\IMG\left_2020_10_30_18_35_13_747.jpg, C:\Users\user\Desktop\simulator-windows-64\sample\IMG\right_2020_10_30_18_35_13_747.jpg, -0.4678867, 1, 0, 30.17457
C:\Users\user\Desktop\simulator-windows-64\sample\IMG\center_2020_10_30_18_35_13_860.jpg, C:\Users\user\Desktop\simulator-windows-64\sample\IMG\left_2020_10_30_18_35_13_860.jpg, C:\Users\user\Desktop\simulator-windows-64\sample\IMG\right_2020_10_30_18_35_13_860.jpg, -0.1287382, 0.6608515, 0, 30.13686
C:\Users\user\Desktop\simulator-windows-64\sample\IMG\center_2020_10_30_18_35_13_965.jpg, C:\Users\user\Desktop\simulator-windows-64\sample\IMG\left_2020_10_30_18_35_13_965.jpg, C:\Users\user\Desktop\simulator-windows-64\sample\IMG\right_2020_10_30_18_35_13_965.jpg, 0, 0.3461125, 0, 30.01366
C:\Users\user\Desktop\simulator-windows-64\sample\IMG\center_2020_10_30_18_35_14_068.jpg, C:\Users\user\Desktop\simulator-windows-64\sample\IMG\left_2020_10_30_18_35_14_068.jpg, C:\Users\user\Desktop\simulator-windows-64\sample\IMG\right_2020_10_30_18_35_14_068.jpg, 0, 0.03677049, 0, 29.84253
C:\Users\user\Desktop\simulator-windows-64\sample\IMG\center_2020_10_30_18_35_14_197.jpg, C:\Users\user\Desktop\simulator-windows-64\sample\IMG\left_2020_10_30_18_35_14_197.jpg, C:\Users\user\Desktop\simulator-windows-64\sample\IMG\right_2020_10_30_18_35_14_197.jpg, 0, 0, 0, 29.49153
C:\Users\user\Desktop\simulator-windows-64\sample\IMG\center_2020_10_30_18_35_14_370.jpg, C:\Users\user\Desktop\simulator-windows-64\sample\IMG\left_2020_10_30_18_35_14_370.jpg, C:\Users\user\Desktop\simulator-windows-64\sample\IMG\right_2020_10_30_18_35_14_370.jpg, 0, 0, 0.5132196, 26.60149
C:\Users\user\Desktop\simulator-windows-64\sample\IMG\center_2020_10_30_18_35_14_494.jpg, C:\Users\user\Desktop\simulator-windows-64\sample\IMG\left_2020_10_30_18_35_14_494.jpg, C:\Users\user\Desktop\simulator-windows-64\sample\IMG\right_2020_10_30_18_35_14_494.jpg, 0, 0, 0.8438223, 24.86518
C:\Users\user\Desktop\simulator-windows-64\sample\IMG\center_2020_10_30_18_35_14_630.jpg, C:\Users\user\Desktop\simulator-windows-64\sample\IMG\left_2020_10_30_18_35_14_630.jpg, C:\Users\user\Desktop\simulator-windows-64\sample\IMG\right_2020_10_30_18_35_14_630.jpg, 0, 0, 1, 22.47733
C:\Users\user\Desktop\simulator-windows-64\sample\IMG\center_2020_10_30_18_35_14_765.jpg, C:\Users\user\Desktop\simulator-windows-64\sample\IMG\left_2020_10_30_18_35_14_765.jpg, C:\Users\user\Desktop\simulator-windows-64\sample\IMG\right_2020_10_30_18_35_14_765.jpg, 0, 0, 1, 20.13753
C:\Users\user\Desktop\simulator-windows-64\sample\IMG\center_2020_10_30_18_35_14_884.jpg, C:\Users\user\Desktop\simulator-windows-64\sample\IMG\left_2020_10_30_18_35_14_884.jpg, C:\Users\user\Desktop\simulator-windows-64\sample\IMG\right_2020_10_30_18_35_14_884.jpg, 0, 0, 1, 18.169
C:\Users\user\Desktop\simulator-windows-64\sample\IMG\center_2020_10_30_18_35_14_990.jpg, C:\Users\user\Desktop\simulator-windows-64\sample\IMG\left_2020_10_30_18_35_14_990.jpg, C:\Users\user\Desktop\simulator-windows-64\sample\IMG\right_2020_10_30_18_35_14_990.jpg, 0, 0, 1, 16.55419
C:\Users\user\Desktop\simulator-windows-64\sample\IMG\center_2020_10_30_18_35_15_119.jpg, C:\Users\user\Desktop\simulator-windows-64\sample\IMG\left_2020_10_30_18_35_15_119.jpg, C:\Users\user\Desktop\simulator-windows-64\sample\IMG\right_2020_10_30_18_35_15_119.jpg, 0, 0, 1, 14.33188
C:\Users\user\Desktop\simulator-windows-64\sample\IMG\center_2020_10_30_18_35_15_383.jpg, C:\Users\user\Desktop\simulator-windows-64\sample\IMG\left_2020_10_30_18_35_15_383.jpg, C:\Users\user\Desktop\simulator-windows-64\sample\IMG\right_2020_10_30_18_35_15_383.jpg, 0, 0, 1, 10.65567
C:\Users\user\Desktop\simulator-windows-64\sample\IMG\center_2020_10_30_18_35_15_519.jpg, C:\Users\user\Desktop\simulator-windows-64\sample\IMG\left_2020_10_30_18_35_15_519.jpg, C:\Users\user\Desktop\simulator-windows-64\sample\IMG\right_2020_10_30_18_35_15_519.jpg, 0, 0, 1, 8.517946
C:\Users\user\Desktop\simulator-windows-64\sample\IMG\center_2020_10_30_18_35_15_654.jpg, C:\Users\user\Desktop\simulator-windows-64\sample\IMG\left_2020_10_30_18_35_15_654.jpg, C:\Users\user\Desktop\simulator-windows-64\sample\IMG\right_2020_10_30_18_35_15_654.jpg, 0, 0, 1, 6.453389
C:\Users\user\Desktop\simulator-windows-64\sample\IMG\center_2020_10_30_18_35_15_799.jpg, C:\Users\user\Desktop\simulator-windows-64\sample\IMG\left_2020_10_30_18_35_15_799.jpg, C:\Users\user\Desktop\simulator-windows-64\sample\IMG\right_2020_10_30_18_35_15_799.jpg, 0, 0, 1, 4.719635
C:\Users\user\Desktop\simulator-windows-64\sample\IMG\center_2020_10_30_18_35_15_876.jpg, C:\Users\user\Desktop\simulator-windows-64\sample\IMG\left_2020_10_30_18_35_15_876.jpg, C:\Users\user\Desktop\simulator-windows-64\sample\IMG\right_2020_10_30_18_35_15_876.jpg, 0, 0, 1, 4.05455
C:\Users\user\Desktop\simulator-windows-64\sample\IMG\center_2020_10_30_18_35_15_995.jpg, C:\Users\user\Desktop\simulator-windows-64\sample\IMG\left_2020_10_30_18_35_15_995.jpg, C:\Users\user\Desktop\simulator-windows-64\sample\IMG\right_2020_10_30_18_35_15_995.jpg, 0, 0, 1, 3.566106
C:\Users\user\Desktop\simulator-windows-64\sample\IMG\center_2020_10_30_18_35_16_113.jpg, C:\Users\user\Desktop\simulator-windows-64\sample\IMG\left_2020_10_30_18_35_16_113.jpg, C:\Users\user\Desktop\simulator-windows-64\sample\IMG\right_2020_10_30_18_35_16_113.jpg, 0, 0, 1, 3.088642
C:\Users\user\Desktop\simulator-windows-64\sample\IMG\center_2020_10_30_18_35_16_274.jpg, C:\Users\user\Desktop\simulator-windows-64\sample\IMG\left_2020_10_30_18_35_16_274.jpg, C:\Users\user\Desktop\simulator-windows-64\sample\IMG\right_2020_10_30_18_35_16_274.jpg, 0, 0, 1, 2.569116
C:\Users\user\Desktop\simulator-windows-64\sample\IMG\center_2020_10_30_18_35_16_419.jpg, C:\Users\user\Desktop\simulator-windows-64\sample\IMG\left_2020_10_30_18_35_16_419.jpg, C:\Users\user\Desktop\simulator-windows-64\sample\IMG\right_2020_10_30_18_35_16_419.jpg, 0, 0, 1, 2.000424
C:\Users\user\Desktop\simulator-windows-64\sample\IMG\center_2020_10_30_18_35_16_564.jpg, C:\Users\user\Desktop\simulator-windows-64\sample\IMG\left_2020_10_30_18_35_16_564.jpg, C:\Users\user\Desktop\simulator-windows-64\sample\IMG\right_2020_10_30_18_35_16_564.jpg, 0, 0, 1, 1.451841
C:\Users\user\Desktop\simulator-windows-64\sample\IMG\center_2020_10_30_18_35_16_704.jpg, C:\Users\user\Desktop\simulator-windows-64\sample\IMG\left_2020_10_30_18_35_16_704.jpg, C:\Users\user\Desktop\simulator-windows-64\sample\IMG\right_2020_10_30_18_35_16_704.jpg, 0, 0, 0.8197996, 0.967169
C:\Users\user\Desktop\simulator-windows-64\sample\IMG\center_2020_10_30_18_35_16_808.jpg, C:\Users\user\Desktop\simulator-windows-64\sample\IMG\left_2020_10_30_18_35_16_808.jpg, C:\Users\user\Desktop\simulator-windows-64\sample\IMG\right_2020_10_30_18_35_16_808.jpg, 0, 0, 0.4546654, 0.7070071
C:\Users\user\Desktop\simulator-windows-64\sample\IMG\center_2020_10_30_18_35_16_950.jpg, C:\Users\user\Desktop\simulator-windows-64\sample\IMG\left_2020_10_30_18_35_16_950.jpg, C:\Users\user\Desktop\simulator-windows-64\sample\IMG\right_2020_10_30_18_35_16_950.jpg, 0, 0, 0.0468619, 0.636225
C:\Users\user\Desktop\simulator-windows-64\sample\IMG\center_2020_10_30_18_35_17_057.jpg, C:\Users\user\Desktop\simulator-windows-64\sample\IMG\left_2020_10_30_18_35_17_057.jpg, C:\Users\user\Desktop\simulator-windows-64\sample\IMG\right_2020_10_30_18_35_17_057.jpg, 0, 0, 0.3828403, 0.5058429
C:\Users\user\Desktop\simulator-windows-64\sample\IMG\center_2020_10_30_18_35_17_179.jpg, C:\Users\user\Desktop\simulator-windows-64\sample\IMG\left_2020_10_30_18_35_17_179.jpg, C:\Users\user\Desktop\simulator-windows-64\sample\IMG\right_2020_10_30_18_35_17_179.jpg, 0, 0, 0.7339939, 0.2321425
C:\Users\user\Desktop\simulator-windows-64\sample\IMG\center_2020_10_30_18_35_17_278.jpg, C:\Users\user\Desktop\simulator-windows-64\sample\IMG\left_2020_10_30_18_35_17_278.jpg, C:\Users\user\Desktop\simulator-windows-64\sample\IMG\right_2020_10_30_18_35_17_278.jpg, 0, 0, 1, 0.1807428
C:\Users\user\Desktop\simulator-windows-64\sample\IMG\center_2020_10_30_18_35_17_409.jpg, C:\Users\user\Desktop\simulator-windows-64\sample\IMG\left_2020_10_30_18_35_17_409.jpg, C:\Users\user\Desktop\simulator-windows-64\sample\IMG\right_2020_10_30_18_35_17_409.jpg, 0, 0, 0.8098159, 0.6129392
C:\Users\user\Desktop\simulator-windows-64\sample\IMG\center_2020_10_30_18_35_17_545.jpg, C:\Users\user\Desktop\simulator-windows-64\sample\IMG\left_2020_10_30_18_35_17_545.jpg, C:\Users\user\Desktop\simulator-windows-64\sample\IMG\right_2020_10_30_18_35_17_545.jpg, 0, 0, 0.4211197, 0.8576005
C:\Users\user\Desktop\simulator-windows-64\sample\IMG\center_2020_10_30_18_35_17_677.jpg, C:\Users\user\Desktop\simulator-windows-64\sample\IMG\left_2020_10_30_18_35_17_677.jpg, C:\Users\user\Desktop\simulator-windows-64\sample\IMG\right_2020_10_30_18_35_17_677.jpg, 0, 0, 0.02949609, 0.8891888
C:\Users\user\Desktop\simulator-windows-64\sample\IMG\center_2020_10_30_18_35_17_762.jpg, C:\Users\user\Desktop\simulator-windows-64\sample\IMG\left_2020_10_30_18_35_17_762.jpg, C:\Users\user\Desktop\simulator-windows-64\sample\IMG\right_2020_10_30_18_35_17_762.jpg, 0, 0, 0, 0.891256
